vehicle_id,vehicle_name,source_file,source_sheet,altitude_m,climb_time_setting_1_s,climb_time_wep_s,max_speed_wep_kmh,max_speed_wep_mps
p_36a_hawk,P-36A Hawk,WarThunder_FactChecker2.xlsx,USAAFUSAF,0.0,0.0,0.0,460.0,127.77777777777777
p_36a_hawk,P-36A Hawk,WarThunder_FactChecker2.xlsx,USAAFUSAF,1000.0,58.0,49.0,476.0,132.22222222222223
p_36a_hawk,P-36A Hawk,WarThunder_FactChecker2.xlsx,USAAFUSAF,2000.0,115.0,97.0,494.0,137.22222222222223
p_36a_hawk,P-36A Hawk,WarThunder_FactChecker2.xlsx,USAAFUSAF,3000.0,176.0,150.0,505.0,140.27777777777777
p_36a_hawk,P-36A Hawk,WarThunder_FactChecker2.xlsx,USAAFUSAF,4000.0,248.0,212.0,496.0,137.77777777777777
p_36a_hawk,P-36A Hawk,WarThunder_FactChecker2.xlsx,USAAFUSAF,5000.0,337.0,288.0,485.0,134.72222222222223
p_36a_hawk,P-36A Hawk,WarThunder_FactChecker2.xlsx,USAAFUSAF,6000.0,450.0,384.0,472.0,131.11111111111111
p_36c_hawk,P-36C Hawk,WarThunder_FactChecker2.xlsx,USAAFUSAF,0.0,0.0,0.0,458.0,127.22222222222221
p_36c_hawk,P-36C Hawk,WarThunder_FactChecker2.xlsx,USAAFUSAF,1000.0,60.0,50.0,473.0,131.38888888888889
p_36c_hawk,P-36C Hawk,WarThunder_FactChecker2.xlsx,USAAFUSAF,2000.0,119.0,100.0,491.0,136.38888888888889
p_36c_hawk,P-36C Hawk,WarThunder_FactChecker2.xlsx,USAAFUSAF,3000.0,182.0,155.0,502.0,139.44444444444443
p_36c_hawk,P-36C Hawk,WarThunder_FactChecker2.xlsx,USAAFUSAF,4000.0,257.0,220.0,492.0,136.66666666666666
p_36c_hawk,P-36C Hawk,WarThunder_FactChecker2.xlsx,USAAFUSAF,5000.0,350.0,299.0,481.0,133.61111111111111
p_36c_hawk,P-36C Hawk,WarThunder_FactChecker2.xlsx,USAAFUSAF,6000.0,469.0,400.0,468.0,130.0
p_36g_hawk,P-36G Hawk,WarThunder_FactChecker2.xlsx,USAAFUSAF,0.0,0.0,0.0,454.0,126.11111111111111
p_36g_hawk,P-36G Hawk,WarThunder_FactChecker2.xlsx,USAAFUSAF,1000.0,62.0,52.0,469.0,130.27777777777777
p_36g_hawk,P-36G Hawk,WarThunder_FactChecker2.xlsx,USAAFUSAF,2000.0,124.0,104.0,487.0,135.27777777777777
p_36g_hawk,P-36G Hawk,WarThunder_FactChecker2.xlsx,USAAFUSAF,3000.0,189.0,160.0,497.0,138.05555555555554
p_36g_hawk,P-36G Hawk,WarThunder_FactChecker2.xlsx,USAAFUSAF,4000.0,267.0,228.0,487.0,135.27777777777777
p_36g_hawk,P-36G Hawk,WarThunder_FactChecker2.xlsx,USAAFUSAF,5000.0,364.0,310.0,476.0,132.22222222222223
p_36g_hawk,P-36G Hawk,WarThunder_FactChecker2.xlsx,USAAFUSAF,6000.0,489.0,416.0,463.0,128.61111111111111
p_40e_1,P-40E-1,WarThunder_FactChecker2.xlsx,USAAFUSAF,0.0,0.0,,523.0,145.27777777777777
p_40e_1,P-40E-1,WarThunder_FactChecker2.xlsx,USAAFUSAF,1000.0,70.0,53.0,538.0,149.44444444444443
p_40e_1,P-40E-1,WarThunder_FactChecker2.xlsx,USAAFUSAF,2000.0,141.0,107.0,557.0,154.72222222222223
p_40e_1,P-40E-1,WarThunder_FactChecker2.xlsx,USAAFUSAF,3000.0,213.0,166.0,568.0,157.77777777777777
p_40e_1,P-40E-1,WarThunder_FactChecker2.xlsx,USAAFUSAF,4000.0,286.0,236.0,560.0,155.55555555555554
p_40e_1,P-40E-1,WarThunder_FactChecker2.xlsx,USAAFUSAF,5000.0,371.0,320.0,551.0,153.05555555555554
p_40e_1,P-40E-1,WarThunder_FactChecker2.xlsx,USAAFUSAF,6000.0,476.0,427.0,539.0,149.72222222222223
p_400,P-400,WarThunder_FactChecker2.xlsx,USAAFUSAF,0.0,0.0,0.0,515.0,143.05555555555554
p_400,P-400,WarThunder_FactChecker2.xlsx,USAAFUSAF,1000.0,90.0,71.0,528.0,146.66666666666666
p_400,P-400,WarThunder_FactChecker2.xlsx,USAAFUSAF,2000.0,181.0,142.0,544.0,151.11111111111111
p_400,P-400,WarThunder_FactChecker2.xlsx,USAAFUSAF,3000.0,274.0,214.0,560.0,155.55555555555554
p_400,P-400,WarThunder_FactChecker2.xlsx,USAAFUSAF,4000.0,368.0,294.0,575.0,159.72222222222223
p_400,P-400,WarThunder_FactChecker2.xlsx,USAAFUSAF,5000.0,475.0,390.0,563.0,156.38888888888889
p_400,P-400,WarThunder_FactChecker2.xlsx,USAAFUSAF,6000.0,609.0,510.0,550.0,152.77777777777777
p_39n_0,P-39N-0,WarThunder_FactChecker2.xlsx,USAAFUSAF,0.0,0.0,0.0,572.0,158.88888888888889
p_39n_0,P-39N-0,WarThunder_FactChecker2.xlsx,USAAFUSAF,1000.0,62.0,46.0,594.0,165.0
p_39n_0,P-39N-0,WarThunder_FactChecker2.xlsx,USAAFUSAF,2000.0,122.0,92.0,618.0,171.66666666666666
p_39n_0,P-39N-0,WarThunder_FactChecker2.xlsx,USAAFUSAF,3000.0,181.0,139.0,643.0,178.61111111111111
p_39n_0,P-39N-0,WarThunder_FactChecker2.xlsx,USAAFUSAF,4000.0,245.0,194.0,640.0,177.77777777777777
p_39n_0,P-39N-0,WarThunder_FactChecker2.xlsx,USAAFUSAF,5000.0,321.0,259.0,629.0,174.72222222222223
p_39n_0,P-39N-0,WarThunder_FactChecker2.xlsx,USAAFUSAF,6000.0,414.0,337.0,618.0,171.66666666666666
p_39q_5,P-39Q-5,WarThunder_FactChecker2.xlsx,USAAFUSAF,0.0,0.0,0.0,540.0,150.0
p_39q_5,P-39Q-5,WarThunder_FactChecker2.xlsx,USAAFUSAF,1000.0,65.0,48.0,561.0,155.83333333333334
p_39q_5,P-39Q-5,WarThunder_FactChecker2.xlsx,USAAFUSAF,2000.0,128.0,96.0,584.0,162.22222222222223
p_39q_5,P-39Q-5,WarThunder_FactChecker2.xlsx,USAAFUSAF,3000.0,191.0,146.0,604.0,167.77777777777777
p_39q_5,P-39Q-5,WarThunder_FactChecker2.xlsx,USAAFUSAF,4000.0,258.0,204.0,601.0,166.94444444444443
p_39q_5,P-39Q-5,WarThunder_FactChecker2.xlsx,USAAFUSAF,5000.0,339.0,273.0,590.0,163.88888888888889
p_39q_5,P-39Q-5,WarThunder_FactChecker2.xlsx,USAAFUSAF,6000.0,440.0,357.0,579.0,160.83333333333334
p_38e,P-38E,WarThunder_FactChecker2.xlsx,USAAFUSAF,0.0,0.0,0.0,533.0,148.05555555555554
p_38e,P-38E,WarThunder_FactChecker2.xlsx,USAAFUSAF,1000.0,77.0,62.0,550.0,152.77777777777777
p_38e,P-38E,WarThunder_FactChecker2.xlsx,USAAFUSAF,2000.0,154.0,126.0,569.0,158.05555555555554
p_38e,P-38E,WarThunder_FactChecker2.xlsx,USAAFUSAF,3000.0,234.0,190.0,589.0,163.61111111111111
p_38e,P-38E,WarThunder_FactChecker2.xlsx,USAAFUSAF,4000.0,315.0,255.0,609.0,169.16666666666666
p_38e,P-38E,WarThunder_FactChecker2.xlsx,USAAFUSAF,5000.0,400.0,322.0,631.0,175.27777777777777
p_38e,P-38E,WarThunder_FactChecker2.xlsx,USAAFUSAF,6000.0,493.0,392.0,638.0,177.22222222222223
p_38g_1,P-38G-1,WarThunder_FactChecker2.xlsx,USAAFUSAF,0.0,0.0,0.0,552.0,153.33333333333334
p_38g_1,P-38G-1,WarThunder_FactChecker2.xlsx,USAAFUSAF,1000.0,63.0,54.0,573.0,159.16666666666666
p_38g_1,P-38G-1,WarThunder_FactChecker2.xlsx,USAAFUSAF,2000.0,126.0,107.0,597.0,165.83333333333334
p_38g_1,P-38G-1,WarThunder_FactChecker2.xlsx,USAAFUSAF,3000.0,189.0,161.0,621.0,172.5
p_38g_1,P-38G-1,WarThunder_FactChecker2.xlsx,USAAFUSAF,4000.0,252.0,218.0,645.0,179.16666666666666
p_38g_1,P-38G-1,WarThunder_FactChecker2.xlsx,USAAFUSAF,5000.0,319.0,282.0,657.0,182.5
p_38g_1,P-38G-1,WarThunder_FactChecker2.xlsx,USAAFUSAF,6000.0,394.0,354.0,655.0,181.94444444444443
p_51,P-51,WarThunder_FactChecker2.xlsx,USAAFUSAF,0.0,0.0,0.0,582.0,161.66666666666666
p_51,P-51,WarThunder_FactChecker2.xlsx,USAAFUSAF,1000.0,73.0,50.0,603.0,167.5
p_51,P-51,WarThunder_FactChecker2.xlsx,USAAFUSAF,2000.0,146.0,98.0,629.0,174.72222222222223
p_51,P-51,WarThunder_FactChecker2.xlsx,USAAFUSAF,3000.0,217.0,150.0,640.0,177.77777777777777
p_51,P-51,WarThunder_FactChecker2.xlsx,USAAFUSAF,4000.0,288.0,209.0,632.0,175.55555555555554
p_51,P-51,WarThunder_FactChecker2.xlsx,USAAFUSAF,5000.0,370.0,280.0,623.0,173.05555555555554
p_51,P-51,WarThunder_FactChecker2.xlsx,USAAFUSAF,6000.0,472.0,367.0,610.0,169.44444444444443
p_47d_25,P-47D-25,WarThunder_FactChecker2.xlsx,USAAFUSAF,0.0,0.0,0.0,560.0,155.55555555555554
p_47d_25,P-47D-25,WarThunder_FactChecker2.xlsx,USAAFUSAF,1000.0,71.0,59.0,575.0,159.72222222222223
p_47d_25,P-47D-25,WarThunder_FactChecker2.xlsx,USAAFUSAF,2000.0,142.0,119.0,593.0,164.72222222222223
p_47d_25,P-47D-25,WarThunder_FactChecker2.xlsx,USAAFUSAF,3000.0,215.0,179.0,611.0,169.72222222222223
p_47d_25,P-47D-25,WarThunder_FactChecker2.xlsx,USAAFUSAF,4000.0,290.0,240.0,630.0,175.0
p_47d_25,P-47D-25,WarThunder_FactChecker2.xlsx,USAAFUSAF,5000.0,366.0,303.0,650.0,180.55555555555554
p_47d_25,P-47D-25,WarThunder_FactChecker2.xlsx,USAAFUSAF,6000.0,444.0,367.0,669.0,185.83333333333334
p_47d_28,P-47D-28,WarThunder_FactChecker2.xlsx,USAAFUSAF,0.0,0.0,0.0,581.0,161.38888888888889
p_47d_28,P-47D-28,WarThunder_FactChecker2.xlsx,USAAFUSAF,1000.0,59.0,50.0,597.0,165.83333333333334
p_47d_28,P-47D-28,WarThunder_FactChecker2.xlsx,USAAFUSAF,2000.0,118.0,100.0,617.0,171.38888888888889
p_47d_28,P-47D-28,WarThunder_FactChecker2.xlsx,USAAFUSAF,3000.0,177.0,150.0,636.0,176.66666666666666
p_47d_28,P-47D-28,WarThunder_FactChecker2.xlsx,USAAFUSAF,4000.0,237.0,201.0,656.0,182.22222222222223
p_47d_28,P-47D-28,WarThunder_FactChecker2.xlsx,USAAFUSAF,5000.0,298.0,253.0,678.0,188.33333333333334
p_47d_28,P-47D-28,WarThunder_FactChecker2.xlsx,USAAFUSAF,6000.0,361.0,306.0,700.0,194.44444444444443
p_63a_5,P-63A-5,WarThunder_FactChecker2.xlsx,USAAFUSAF,0.0,0.0,0.0,557.0,154.72222222222223
p_63a_5,P-63A-5,WarThunder_FactChecker2.xlsx,USAAFUSAF,1000.0,54.0,48.0,572.0,158.88888888888889
p_63a_5,P-63A-5,WarThunder_FactChecker2.xlsx,USAAFUSAF,2000.0,110.0,98.0,589.0,163.61111111111111
p_63a_5,P-63A-5,WarThunder_FactChecker2.xlsx,USAAFUSAF,3000.0,168.0,148.0,605.0,168.05555555555554
p_63a_5,P-63A-5,WarThunder_FactChecker2.xlsx,USAAFUSAF,4000.0,226.0,202.0,621.0,172.5
p_63a_5,P-63A-5,WarThunder_FactChecker2.xlsx,USAAFUSAF,5000.0,288.0,260.0,630.0,175.0
p_63a_5,P-63A-5,WarThunder_FactChecker2.xlsx,USAAFUSAF,6000.0,357.0,324.0,636.0,176.66666666666666
p_63a_10,P-63A-10,WarThunder_FactChecker2.xlsx,USAAFUSAF,0.0,0.0,0.0,597.0,165.83333333333334
p_63a_10,P-63A-10,WarThunder_FactChecker2.xlsx,USAAFUSAF,1000.0,61.0,43.0,613.0,170.27777777777777
p_63a_10,P-63A-10,WarThunder_FactChecker2.xlsx,USAAFUSAF,2000.0,123.0,89.0,628.0,174.44444444444443
p_63a_10,P-63A-10,WarThunder_FactChecker2.xlsx,USAAFUSAF,3000.0,187.0,138.0,638.0,177.22222222222223
p_63a_10,P-63A-10,WarThunder_FactChecker2.xlsx,USAAFUSAF,4000.0,253.0,191.0,645.0,179.16666666666666
p_63a_10,P-63A-10,WarThunder_FactChecker2.xlsx,USAAFUSAF,5000.0,323.0,251.0,651.0,180.83333333333334
p_63a_10,P-63A-10,WarThunder_FactChecker2.xlsx,USAAFUSAF,6000.0,401.0,318.0,652.0,181.11111111111111
p_63c_5,P-63C-5,WarThunder_FactChecker2.xlsx,USAAFUSAF,0.0,0.0,0.0,589.0,163.61111111111111
p_63c_5,P-63C-5,WarThunder_FactChecker2.xlsx,USAAFUSAF,1000.0,65.0,44.0,605.0,168.05555555555554
p_63c_5,P-63C-5,WarThunder_FactChecker2.xlsx,USAAFUSAF,2000.0,125.0,89.0,624.0,173.33333333333334
p_63c_5,P-63C-5,WarThunder_FactChecker2.xlsx,USAAFUSAF,3000.0,190.0,135.0,640.0,177.77777777777777
p_63c_5,P-63C-5,WarThunder_FactChecker2.xlsx,USAAFUSAF,4000.0,256.0,185.0,657.0,182.5
p_63c_5,P-63C-5,WarThunder_FactChecker2.xlsx,USAAFUSAF,5000.0,324.0,240.0,665.0,184.72222222222223
p_63c_5,P-63C-5,WarThunder_FactChecker2.xlsx,USAAFUSAF,6000.0,395.0,303.0,666.0,185.0
p_61c_1,P-61C-1,WarThunder_FactChecker2.xlsx,USAAFUSAF,0.0,0.0,0.0,569.0,158.05555555555554
p_61c_1,P-61C-1,WarThunder_FactChecker2.xlsx,USAAFUSAF,1000.0,86.0,59.0,583.0,161.94444444444443
p_61c_1,P-61C-1,WarThunder_FactChecker2.xlsx,USAAFUSAF,2000.0,174.0,118.0,601.0,166.94444444444443
p_61c_1,P-61C-1,WarThunder_FactChecker2.xlsx,USAAFUSAF,3000.0,263.0,179.0,620.0,172.22222222222223
p_61c_1,P-61C-1,WarThunder_FactChecker2.xlsx,USAAFUSAF,4000.0,358.0,242.0,640.0,177.77777777777777
p_61c_1,P-61C-1,WarThunder_FactChecker2.xlsx,USAAFUSAF,5000.0,451.0,303.0,656.0,182.22222222222223
p_61c_1,P-61C-1,WarThunder_FactChecker2.xlsx,USAAFUSAF,6000.0,548.0,367.0,679.0,188.61111111111111
p_38j_15,P-38J-15,WarThunder_FactChecker2.xlsx,USAAFUSAF,0.0,0.0,0.0,568.0,157.77777777777777
p_38j_15,P-38J-15,WarThunder_FactChecker2.xlsx,USAAFUSAF,1000.0,53.0,47.0,586.0,162.77777777777777
p_38j_15,P-38J-15,WarThunder_FactChecker2.xlsx,USAAFUSAF,2000.0,105.0,95.0,607.0,168.61111111111111
p_38j_15,P-38J-15,WarThunder_FactChecker2.xlsx,USAAFUSAF,3000.0,158.0,143.0,629.0,174.72222222222223
p_38j_15,P-38J-15,WarThunder_FactChecker2.xlsx,USAAFUSAF,4000.0,212.0,192.0,651.0,180.83333333333334
p_38j_15,P-38J-15,WarThunder_FactChecker2.xlsx,USAAFUSAF,5000.0,267.0,243.0,664.0,184.44444444444443
p_38j_15,P-38J-15,WarThunder_FactChecker2.xlsx,USAAFUSAF,6000.0,326.0,296.0,683.0,189.72222222222223
p_38l_5_lo,P-38L-5-LO,WarThunder_FactChecker2.xlsx,USAAFUSAF,0.0,0.0,0.0,568.0,157.77777777777777
p_38l_5_lo,P-38L-5-LO,WarThunder_FactChecker2.xlsx,USAAFUSAF,1000.0,53.0,47.0,586.0,162.77777777777777
p_38l_5_lo,P-38L-5-LO,WarThunder_FactChecker2.xlsx,USAAFUSAF,2000.0,106.0,95.0,607.0,168.61111111111111
p_38l_5_lo,P-38L-5-LO,WarThunder_FactChecker2.xlsx,USAAFUSAF,3000.0,160.0,143.0,629.0,174.72222222222223
p_38l_5_lo,P-38L-5-LO,WarThunder_FactChecker2.xlsx,USAAFUSAF,4000.0,214.0,192.0,650.0,180.55555555555554
p_38l_5_lo,P-38L-5-LO,WarThunder_FactChecker2.xlsx,USAAFUSAF,5000.0,270.0,242.0,664.0,184.44444444444443
p_38l_5_lo,P-38L-5-LO,WarThunder_FactChecker2.xlsx,USAAFUSAF,6000.0,329.0,298.0,682.0,189.44444444444443
p_47n_15,P-47N-15,WarThunder_FactChecker2.xlsx,USAAFUSAF,0.0,0.0,0.0,593.0,164.72222222222223
p_47n_15,P-47N-15,WarThunder_FactChecker2.xlsx,USAAFUSAF,1000.0,81.0,56.0,610.0,169.44444444444443
p_47n_15,P-47N-15,WarThunder_FactChecker2.xlsx,USAAFUSAF,2000.0,162.0,113.0,629.0,174.72222222222223
p_47n_15,P-47N-15,WarThunder_FactChecker2.xlsx,USAAFUSAF,3000.0,245.0,170.0,649.0,180.27777777777777
p_47n_15,P-47N-15,WarThunder_FactChecker2.xlsx,USAAFUSAF,4000.0,330.0,228.0,668.0,185.55555555555554
p_47n_15,P-47N-15,WarThunder_FactChecker2.xlsx,USAAFUSAF,5000.0,417.0,287.0,687.0,190.83333333333334
p_47n_15,P-47N-15,WarThunder_FactChecker2.xlsx,USAAFUSAF,6000.0,508.0,348.0,707.0,196.38888888888889
p_51d_5,P-51D-5,WarThunder_FactChecker2.xlsx,USAAFUSAF,0.0,0.0,0.0,596.0,165.55555555555554
p_51d_5,P-51D-5,WarThunder_FactChecker2.xlsx,USAAFUSAF,1000.0,58.0,52.0,618.0,171.66666666666666
p_51d_5,P-51D-5,WarThunder_FactChecker2.xlsx,USAAFUSAF,2000.0,115.0,104.0,644.0,178.88888888888889
p_51d_5,P-51D-5,WarThunder_FactChecker2.xlsx,USAAFUSAF,3000.0,171.0,159.0,669.0,185.83333333333334
p_51d_5,P-51D-5,WarThunder_FactChecker2.xlsx,USAAFUSAF,4000.0,235.0,222.0,668.0,185.55555555555554
p_51d_5,P-51D-5,WarThunder_FactChecker2.xlsx,USAAFUSAF,5000.0,308.0,288.0,664.0,184.44444444444443
p_51d_5,P-51D-5,WarThunder_FactChecker2.xlsx,USAAFUSAF,6000.0,383.0,354.0,687.0,190.83333333333334
p_51d_30,P-51D-30,WarThunder_FactChecker2.xlsx,USAAFUSAF,0.0,0.0,0.0,622.0,172.77777777777777
p_51d_30,P-51D-30,WarThunder_FactChecker2.xlsx,USAAFUSAF,1000.0,56.0,45.0,645.0,179.16666666666666
p_51d_30,P-51D-30,WarThunder_FactChecker2.xlsx,USAAFUSAF,2000.0,112.0,91.0,671.0,186.38888888888889
p_51d_30,P-51D-30,WarThunder_FactChecker2.xlsx,USAAFUSAF,3000.0,167.0,144.0,675.0,187.5
p_51d_30,P-51D-30,WarThunder_FactChecker2.xlsx,USAAFUSAF,4000.0,228.0,197.0,673.0,186.94444444444443
p_51d_30,P-51D-30,WarThunder_FactChecker2.xlsx,USAAFUSAF,5000.0,297.0,251.0,699.0,194.16666666666666
p_51d_30,P-51D-30,WarThunder_FactChecker2.xlsx,USAAFUSAF,6000.0,366.0,306.0,714.0,198.33333333333331
f_82e,F-82E,WarThunder_FactChecker2.xlsx,USAAFUSAF,0.0,0.0,0.0,662.0,183.88888888888889
f_82e,F-82E,WarThunder_FactChecker2.xlsx,USAAFUSAF,1000.0,54.0,45.0,679.0,188.61111111111111
f_82e,F-82E,WarThunder_FactChecker2.xlsx,USAAFUSAF,2000.0,108.0,96.0,672.0,186.66666666666666
f_82e,F-82E,WarThunder_FactChecker2.xlsx,USAAFUSAF,3000.0,163.0,147.0,690.0,191.66666666666666
f_82e,F-82E,WarThunder_FactChecker2.xlsx,USAAFUSAF,4000.0,220.0,200.0,710.0,197.22222222222223
f_82e,F-82E,WarThunder_FactChecker2.xlsx,USAAFUSAF,5000.0,279.0,255.0,731.0,203.05555555555554
f_82e,F-82E,WarThunder_FactChecker2.xlsx,USAAFUSAF,6000.0,341.0,313.0,749.0,208.05555555555554
p_51h_5na,P-51H-5NA,WarThunder_FactChecker2.xlsx,USAAFUSAF,0.0,0.0,0.0,677.0,188.05555555555554
p_51h_5na,P-51H-5NA,WarThunder_FactChecker2.xlsx,USAAFUSAF,1000.0,49.0,35.0,700.0,194.44444444444443
p_51h_5na,P-51H-5NA,WarThunder_FactChecker2.xlsx,USAAFUSAF,2000.0,97.0,69.0,727.0,201.94444444444443
p_51h_5na,P-51H-5NA,WarThunder_FactChecker2.xlsx,USAAFUSAF,3000.0,145.0,106.0,754.0,209.44444444444443
p_51h_5na,P-51H-5NA,WarThunder_FactChecker2.xlsx,USAAFUSAF,4000.0,194.0,147.0,753.0,209.16666666666666
p_51h_5na,P-51H-5NA,WarThunder_FactChecker2.xlsx,USAAFUSAF,5000.0,247.0,194.0,750.0,208.33333333333331
p_51h_5na,P-51H-5NA,WarThunder_FactChecker2.xlsx,USAAFUSAF,6000.0,309.0,244.0,758.0,210.55555555555554
f3f_2,F3F-2,WarThunder_FactChecker2.xlsx,US Navy,0.0,0.0,0.0,384.0,106.66666666666666
f3f_2,F3F-2,WarThunder_FactChecker2.xlsx,US Navy,1000.0,56.0,50.0,407.0,113.05555555555556
f3f_2,F3F-2,WarThunder_FactChecker2.xlsx,US Navy,2000.0,111.0,101.0,416.0,115.55555555555556
f3f_2,F3F-2,WarThunder_FactChecker2.xlsx,US Navy,3000.0,173.0,159.0,414.0,115.0
f3f_2,F3F-2,WarThunder_FactChecker2.xlsx,US Navy,4000.0,237.0,215.0,437.0,121.38888888888889
f3f_2,F3F-2,WarThunder_FactChecker2.xlsx,US Navy,5000.0,304.0,277.0,436.0,121.11111111111111
f3f_2,F3F-2,WarThunder_FactChecker2.xlsx,US Navy,6000.0,386.0,352.0,428.0,118.88888888888889
f2a_1,F2A-1,WarThunder_FactChecker2.xlsx,US Navy,0.0,0.0,0.0,429.0,119.16666666666666
f2a_1,F2A-1,WarThunder_FactChecker2.xlsx,US Navy,1000.0,59.0,53.0,449.0,124.72222222222221
f2a_1,F2A-1,WarThunder_FactChecker2.xlsx,US Navy,2000.0,117.0,105.0,463.0,128.61111111111111
f2a_1,F2A-1,WarThunder_FactChecker2.xlsx,US Navy,3000.0,182.0,166.0,457.0,126.94444444444444
f2a_1,F2A-1,WarThunder_FactChecker2.xlsx,US Navy,4000.0,251.0,226.0,478.0,132.77777777777777
f2a_1,F2A-1,WarThunder_FactChecker2.xlsx,US Navy,5000.0,319.0,288.0,495.0,137.5
f2a_1,F2A-1,WarThunder_FactChecker2.xlsx,US Navy,6000.0,398.0,361.0,488.0,135.55555555555554
f2a_3,F2A-3,WarThunder_FactChecker2.xlsx,US Navy,0.0,0.0,0.0,493.0,136.94444444444443
f2a_3,F2A-3,WarThunder_FactChecker2.xlsx,US Navy,1000.0,72.0,59.0,508.0,141.11111111111111
f2a_3,F2A-3,WarThunder_FactChecker2.xlsx,US Navy,2000.0,149.0,124.0,508.0,141.11111111111111
f2a_3,F2A-3,WarThunder_FactChecker2.xlsx,US Navy,3000.0,232.0,191.0,525.0,145.83333333333334
f2a_3,F2A-3,WarThunder_FactChecker2.xlsx,US Navy,4000.0,316.0,259.0,542.0,150.55555555555554
f2a_3,F2A-3,WarThunder_FactChecker2.xlsx,US Navy,5000.0,409.0,336.0,541.0,150.27777777777777
f2a_3,F2A-3,WarThunder_FactChecker2.xlsx,US Navy,6000.0,518.0,425.0,539.0,149.72222222222223
f4f_3,F4F-3,WarThunder_FactChecker2.xlsx,US Navy,0.0,0.0,0.0,473.0,131.38888888888889
f4f_3,F4F-3,WarThunder_FactChecker2.xlsx,US Navy,1000.0,78.0,71.0,481.0,133.61111111111111
f4f_3,F4F-3,WarThunder_FactChecker2.xlsx,US Navy,2000.0,166.0,152.0,478.0,132.77777777777777
f4f_3,F4F-3,WarThunder_FactChecker2.xlsx,US Navy,3000.0,257.0,233.0,502.0,139.44444444444443
f4f_3,F4F-3,WarThunder_FactChecker2.xlsx,US Navy,4000.0,353.0,324.0,505.0,140.27777777777777
f4f_3,F4F-3,WarThunder_FactChecker2.xlsx,US Navy,5000.0,462.0,432.0,505.0,140.27777777777777
f4f_3,F4F-3,WarThunder_FactChecker2.xlsx,US Navy,6000.0,575.0,545.0,528.0,146.66666666666666
f4f_4,F4F-4,WarThunder_FactChecker2.xlsx,US Navy,0.0,0.0,0.0,472.0,131.11111111111111
f4f_4,F4F-4,WarThunder_FactChecker2.xlsx,US Navy,1000.0,82.0,75.0,481.0,133.61111111111111
f4f_4,F4F-4,WarThunder_FactChecker2.xlsx,US Navy,2000.0,174.0,160.0,477.0,132.5
f4f_4,F4F-4,WarThunder_FactChecker2.xlsx,US Navy,3000.0,271.0,245.0,502.0,139.44444444444443
f4f_4,F4F-4,WarThunder_FactChecker2.xlsx,US Navy,4000.0,372.0,341.0,504.0,140.0
f4f_4,F4F-4,WarThunder_FactChecker2.xlsx,US Navy,5000.0,488.0,455.0,504.0,140.0
f4f_4,F4F-4,WarThunder_FactChecker2.xlsx,US Navy,6000.0,609.0,576.0,526.0,146.11111111111111
f4u_1a,F4U-1a,WarThunder_FactChecker2.xlsx,US Navy,0.0,0.0,0.0,589.0,163.61111111111111
f4u_1a,F4U-1a,WarThunder_FactChecker2.xlsx,US Navy,1000.0,60.0,55.0,593.0,164.72222222222223
f4u_1a,F4U-1a,WarThunder_FactChecker2.xlsx,US Navy,2000.0,127.0,111.0,614.0,170.55555555555554
f4u_1a,F4U-1a,WarThunder_FactChecker2.xlsx,US Navy,3000.0,194.0,167.0,633.0,175.83333333333334
f4u_1a,F4U-1a,WarThunder_FactChecker2.xlsx,US Navy,4000.0,263.0,224.0,660.0,183.33333333333334
f4u_1a,F4U-1a,WarThunder_FactChecker2.xlsx,US Navy,5000.0,333.0,286.0,661.0,183.61111111111111
f4u_1a,F4U-1a,WarThunder_FactChecker2.xlsx,US Navy,6000.0,411.0,351.0,686.0,190.55555555555554
f4u_1a_usmc,F4U-1a USMC,WarThunder_FactChecker2.xlsx,US Navy,0.0,0.0,0.0,595.0,165.27777777777777
f4u_1a_usmc,F4U-1a USMC,WarThunder_FactChecker2.xlsx,US Navy,1000.0,60.0,55.0,596.0,165.55555555555554
f4u_1a_usmc,F4U-1a USMC,WarThunder_FactChecker2.xlsx,US Navy,2000.0,126.0,110.0,615.0,170.83333333333334
f4u_1a_usmc,F4U-1a USMC,WarThunder_FactChecker2.xlsx,US Navy,3000.0,193.0,166.0,639.0,177.5
f4u_1a_usmc,F4U-1a USMC,WarThunder_FactChecker2.xlsx,US Navy,4000.0,261.0,222.0,665.0,184.72222222222223
f4u_1a_usmc,F4U-1a USMC,WarThunder_FactChecker2.xlsx,US Navy,5000.0,330.0,283.0,676.0,187.77777777777777
f4u_1a_usmc,F4U-1a USMC,WarThunder_FactChecker2.xlsx,US Navy,6000.0,407.0,348.0,691.0,191.94444444444443
f6f_5,F6F-5,WarThunder_FactChecker2.xlsx,US Navy,0.0,0.0,0.0,583.0,161.94444444444443
f6f_5,F6F-5,WarThunder_FactChecker2.xlsx,US Navy,1000.0,59.0,56.0,580.0,161.11111111111111
f6f_5,F6F-5,WarThunder_FactChecker2.xlsx,US Navy,2000.0,124.0,113.0,596.0,165.55555555555554
f6f_5,F6F-5,WarThunder_FactChecker2.xlsx,US Navy,3000.0,192.0,171.0,615.0,170.83333333333334
f6f_5,F6F-5,WarThunder_FactChecker2.xlsx,US Navy,4000.0,261.0,230.0,634.0,176.11111111111111
f6f_5,F6F-5,WarThunder_FactChecker2.xlsx,US Navy,5000.0,331.0,294.0,642.0,178.33333333333334
f6f_5,F6F-5,WarThunder_FactChecker2.xlsx,US Navy,6000.0,410.0,365.0,650.0,180.55555555555554
f4u_1d,F4U-1d,WarThunder_FactChecker2.xlsx,US Navy,0.0,0.0,0.0,580.0,161.11111111111111
f4u_1d,F4U-1d,WarThunder_FactChecker2.xlsx,US Navy,1000.0,61.0,56.0,595.0,165.27777777777777
f4u_1d,F4U-1d,WarThunder_FactChecker2.xlsx,US Navy,2000.0,129.0,113.0,604.0,167.77777777777777
f4u_1d,F4U-1d,WarThunder_FactChecker2.xlsx,US Navy,3000.0,198.0,170.0,626.0,173.88888888888889
f4u_1d,F4U-1d,WarThunder_FactChecker2.xlsx,US Navy,4000.0,268.0,228.0,651.0,180.83333333333334
f4u_1d,F4U-1d,WarThunder_FactChecker2.xlsx,US Navy,5000.0,339.0,290.0,661.0,183.61111111111111
f4u_1d,F4U-1d,WarThunder_FactChecker2.xlsx,US Navy,6000.0,419.0,357.0,676.0,187.77777777777777
f6f_5n,F6F-5N,WarThunder_FactChecker2.xlsx,US Navy,0.0,0.0,0.0,571.0,158.61111111111111
f6f_5n,F6F-5N,WarThunder_FactChecker2.xlsx,US Navy,1000.0,62.0,59.0,567.0,157.5
f6f_5n,F6F-5N,WarThunder_FactChecker2.xlsx,US Navy,2000.0,131.0,120.0,584.0,162.22222222222223
f6f_5n,F6F-5N,WarThunder_FactChecker2.xlsx,US Navy,3000.0,203.0,181.0,602.0,167.22222222222223
f6f_5n,F6F-5N,WarThunder_FactChecker2.xlsx,US Navy,4000.0,276.0,244.0,620.0,172.22222222222223
f6f_5n,F6F-5N,WarThunder_FactChecker2.xlsx,US Navy,5000.0,352.0,312.0,627.0,174.16666666666666
f6f_5n,F6F-5N,WarThunder_FactChecker2.xlsx,US Navy,6000.0,436.0,388.0,634.0,176.11111111111111
f4u_1c,F4U-1c,WarThunder_FactChecker2.xlsx,US Navy,0.0,0.0,0.0,576.0,160.0
f4u_1c,F4U-1c,WarThunder_FactChecker2.xlsx,US Navy,1000.0,63.0,58.0,591.0,164.16666666666666
f4u_1c,F4U-1c,WarThunder_FactChecker2.xlsx,US Navy,2000.0,134.0,117.0,600.0,166.66666666666666
f4u_1c,F4U-1c,WarThunder_FactChecker2.xlsx,US Navy,3000.0,205.0,176.0,622.0,172.77777777777777
f4u_1c,F4U-1c,WarThunder_FactChecker2.xlsx,US Navy,4000.0,278.0,236.0,647.0,179.72222222222223
f4u_1c,F4U-1c,WarThunder_FactChecker2.xlsx,US Navy,5000.0,352.0,301.0,657.0,182.5
f4u_1c,F4U-1c,WarThunder_FactChecker2.xlsx,US Navy,6000.0,435.0,371.0,672.0,186.66666666666666
f4u_4,F4U-4,WarThunder_FactChecker2.xlsx,US Navy,0.0,0.0,0.0,625.0,173.61111111111111
f4u_4,F4U-4,WarThunder_FactChecker2.xlsx,US Navy,1000.0,55.0,50.0,631.0,175.27777777777777
f4u_4,F4U-4,WarThunder_FactChecker2.xlsx,US Navy,2000.0,118.0,106.0,624.0,173.33333333333334
f4u_4,F4U-4,WarThunder_FactChecker2.xlsx,US Navy,3000.0,186.0,163.0,648.0,180.0
f4u_4,F4U-4,WarThunder_FactChecker2.xlsx,US Navy,4000.0,254.0,219.0,637.0,176.94444444444443
f4u_4,F4U-4,WarThunder_FactChecker2.xlsx,US Navy,5000.0,321.0,275.0,670.0,186.11111111111111
f4u_4,F4U-4,WarThunder_FactChecker2.xlsx,US Navy,6000.0,389.0,333.0,697.0,193.61111111111111
f4u_4b,F4U-4B,WarThunder_FactChecker2.xlsx,US Navy,0.0,0.0,0.0,631.0,175.27777777777777
f4u_4b,F4U-4B,WarThunder_FactChecker2.xlsx,US Navy,1000.0,52.0,42.0,651.0,180.83333333333334
f4u_4b,F4U-4B,WarThunder_FactChecker2.xlsx,US Navy,2000.0,105.0,89.0,630.0,175.0
f4u_4b,F4U-4B,WarThunder_FactChecker2.xlsx,US Navy,3000.0,160.0,141.0,630.0,175.0
f4u_4b,F4U-4B,WarThunder_FactChecker2.xlsx,US Navy,4000.0,224.0,193.0,649.0,180.27777777777777
f4u_4b,F4U-4B,WarThunder_FactChecker2.xlsx,US Navy,5000.0,290.0,246.0,679.0,188.61111111111111
f4u_4b,F4U-4B,WarThunder_FactChecker2.xlsx,US Navy,6000.0,356.0,306.0,685.0,190.27777777777777
f8f_1,F8F-1,WarThunder_FactChecker2.xlsx,US Navy,0.0,0.0,,618.0,171.66666666666666
f8f_1,F8F-1,WarThunder_FactChecker2.xlsx,US Navy,1000.0,41.0,,638.0,177.22222222222223
f8f_1,F8F-1,WarThunder_FactChecker2.xlsx,US Navy,2000.0,84.0,,657.0,182.5
f8f_1,F8F-1,WarThunder_FactChecker2.xlsx,US Navy,3000.0,133.0,,651.0,180.83333333333334
f8f_1,F8F-1,WarThunder_FactChecker2.xlsx,US Navy,4000.0,187.0,,647.0,179.72222222222223
f8f_1,F8F-1,WarThunder_FactChecker2.xlsx,US Navy,5000.0,242.0,,668.0,185.55555555555554
f8f_1,F8F-1,WarThunder_FactChecker2.xlsx,US Navy,6000.0,301.0,,688.0,191.11111111111111
f8f_1b,F8F-1B,WarThunder_FactChecker2.xlsx,US Navy,0.0,0.0,0.0,672.0,186.66666666666666
f8f_1b,F8F-1B,WarThunder_FactChecker2.xlsx,US Navy,1000.0,43.0,38.0,671.0,186.38888888888889
f8f_1b,F8F-1B,WarThunder_FactChecker2.xlsx,US Navy,2000.0,89.0,79.0,670.0,186.11111111111111
f8f_1b,F8F-1B,WarThunder_FactChecker2.xlsx,US Navy,3000.0,141.0,120.0,690.0,191.66666666666666
f8f_1b,F8F-1B,WarThunder_FactChecker2.xlsx,US Navy,4000.0,199.0,163.0,708.0,196.66666666666666
f8f_1b,F8F-1B,WarThunder_FactChecker2.xlsx,US Navy,5000.0,258.0,214.0,704.0,195.55555555555554
f8f_1b,F8F-1B,WarThunder_FactChecker2.xlsx,US Navy,6000.0,322.0,276.0,693.0,192.5
f7f_1,F7F-1,WarThunder_FactChecker2.xlsx,US Navy,0.0,0.0,0.0,647.0,179.72222222222223
f7f_1,F7F-1,WarThunder_FactChecker2.xlsx,US Navy,1000.0,44.0,39.0,665.0,184.72222222222223
f7f_1,F7F-1,WarThunder_FactChecker2.xlsx,US Navy,2000.0,92.0,85.0,656.0,182.22222222222223
f7f_1,F7F-1,WarThunder_FactChecker2.xlsx,US Navy,3000.0,150.0,137.0,643.0,178.61111111111111
f7f_1,F7F-1,WarThunder_FactChecker2.xlsx,US Navy,4000.0,215.0,190.0,661.0,183.61111111111111
f7f_1,F7F-1,WarThunder_FactChecker2.xlsx,US Navy,5000.0,282.0,243.0,683.0,189.72222222222223
f7f_1,F7F-1,WarThunder_FactChecker2.xlsx,US Navy,6000.0,352.0,306.0,689.0,191.38888888888889
thach_s_f2a_1_buffalo,Thach's F2A-1 Buffalo,WarThunder_FactChecker2.xlsx,USA National Premiums,0.0,0.0,0.0,429.0,119.16666666666666
thach_s_f2a_1_buffalo,Thach's F2A-1 Buffalo,WarThunder_FactChecker2.xlsx,USA National Premiums,1000.0,59.0,53.0,449.0,124.72222222222221
thach_s_f2a_1_buffalo,Thach's F2A-1 Buffalo,WarThunder_FactChecker2.xlsx,USA National Premiums,2000.0,117.0,106.0,463.0,128.61111111111111
thach_s_f2a_1_buffalo,Thach's F2A-1 Buffalo,WarThunder_FactChecker2.xlsx,USA National Premiums,3000.0,182.0,166.0,457.0,126.94444444444444
thach_s_f2a_1_buffalo,Thach's F2A-1 Buffalo,WarThunder_FactChecker2.xlsx,USA National Premiums,4000.0,251.0,227.0,478.0,132.77777777777777
thach_s_f2a_1_buffalo,Thach's F2A-1 Buffalo,WarThunder_FactChecker2.xlsx,USA National Premiums,5000.0,319.0,288.0,495.0,137.5
thach_s_f2a_1_buffalo,Thach's F2A-1 Buffalo,WarThunder_FactChecker2.xlsx,USA National Premiums,6000.0,398.0,361.0,488.0,135.55555555555554
galer_s_f3f_2,Galer's F3F-2,WarThunder_FactChecker2.xlsx,USA National Premiums,0.0,0.0,0.0,384.0,106.66666666666666
galer_s_f3f_2,Galer's F3F-2,WarThunder_FactChecker2.xlsx,USA National Premiums,1000.0,56.0,50.0,407.0,113.05555555555556
galer_s_f3f_2,Galer's F3F-2,WarThunder_FactChecker2.xlsx,USA National Premiums,2000.0,111.0,101.0,416.0,115.55555555555556
galer_s_f3f_2,Galer's F3F-2,WarThunder_FactChecker2.xlsx,USA National Premiums,3000.0,173.0,158.0,414.0,115.0
galer_s_f3f_2,Galer's F3F-2,WarThunder_FactChecker2.xlsx,USA National Premiums,4000.0,237.0,215.0,437.0,121.38888888888889
galer_s_f3f_2,Galer's F3F-2,WarThunder_FactChecker2.xlsx,USA National Premiums,5000.0,304.0,277.0,436.0,121.11111111111111
galer_s_f3f_2,Galer's F3F-2,WarThunder_FactChecker2.xlsx,USA National Premiums,6000.0,386.0,352.0,428.0,118.88888888888889
xp_38g,XP-38G,WarThunder_FactChecker2.xlsx,USA National Premiums,0.0,0.0,0.0,552.0,153.33333333333334
xp_38g,XP-38G,WarThunder_FactChecker2.xlsx,USA National Premiums,1000.0,63.0,54.0,573.0,159.16666666666666
xp_38g,XP-38G,WarThunder_FactChecker2.xlsx,USA National Premiums,2000.0,126.0,108.0,597.0,165.83333333333334
xp_38g,XP-38G,WarThunder_FactChecker2.xlsx,USA National Premiums,3000.0,189.0,162.0,621.0,172.5
xp_38g,XP-38G,WarThunder_FactChecker2.xlsx,USA National Premiums,4000.0,252.0,218.0,645.0,179.16666666666666
xp_38g,XP-38G,WarThunder_FactChecker2.xlsx,USA National Premiums,5000.0,319.0,281.0,657.0,182.5
xp_38g,XP-38G,WarThunder_FactChecker2.xlsx,USA National Premiums,6000.0,394.0,352.0,655.0,181.94444444444443
xp_55,XP-55,WarThunder_FactChecker2.xlsx,USA National Premiums,0.0,0.0,0.0,,
xp_55,XP-55,WarThunder_FactChecker2.xlsx,USA National Premiums,1000.0,61.0,49.0,,
xp_55,XP-55,WarThunder_FactChecker2.xlsx,USA National Premiums,2000.0,121.0,98.0,,
xp_55,XP-55,WarThunder_FactChecker2.xlsx,USA National Premiums,3000.0,182.0,147.0,,
xp_55,XP-55,WarThunder_FactChecker2.xlsx,USA National Premiums,4000.0,243.0,196.0,,
xp_55,XP-55,WarThunder_FactChecker2.xlsx,USA National Premiums,5000.0,305.0,250.0,,
xp_55,XP-55,WarThunder_FactChecker2.xlsx,USA National Premiums,6000.0,372.0,312.0,,
p_40c,P-40C,WarThunder_FactChecker2.xlsx,USA National Premiums,0.0,0.0,0.0,469.0,130.27777777777777
p_40c,P-40C,WarThunder_FactChecker2.xlsx,USA National Premiums,1000.0,80.0,60.0,489.0,135.83333333333334
p_40c,P-40C,WarThunder_FactChecker2.xlsx,USA National Premiums,2000.0,156.0,117.0,512.0,142.22222222222223
p_40c,P-40C,WarThunder_FactChecker2.xlsx,USA National Premiums,3000.0,231.0,173.0,535.0,148.61111111111111
p_40c,P-40C,WarThunder_FactChecker2.xlsx,USA National Premiums,4000.0,304.0,229.0,558.0,155.0
p_40c,P-40C,WarThunder_FactChecker2.xlsx,USA National Premiums,5000.0,386.0,294.0,555.0,154.16666666666666
p_40c,P-40C,WarThunder_FactChecker2.xlsx,USA National Premiums,6000.0,487.0,373.0,546.0,151.66666666666666
p_43a_1,P-43A-1,WarThunder_FactChecker2.xlsx,USA National Premiums,0.0,0.0,0.0,452.0,125.55555555555556
p_43a_1,P-43A-1,WarThunder_FactChecker2.xlsx,USA National Premiums,1000.0,66.0,61.0,470.0,130.55555555555554
p_43a_1,P-43A-1,WarThunder_FactChecker2.xlsx,USA National Premiums,2000.0,131.0,120.0,490.0,136.11111111111111
p_43a_1,P-43A-1,WarThunder_FactChecker2.xlsx,USA National Premiums,3000.0,196.0,179.0,507.0,140.83333333333334
p_43a_1,P-43A-1,WarThunder_FactChecker2.xlsx,USA National Premiums,4000.0,263.0,240.0,522.0,145.0
p_43a_1,P-43A-1,WarThunder_FactChecker2.xlsx,USA National Premiums,5000.0,332.0,304.0,536.0,148.88888888888889
p_43a_1,P-43A-1,WarThunder_FactChecker2.xlsx,USA National Premiums,6000.0,450.0,372.0,550.0,152.77777777777777
xp_50,XP-50,WarThunder_FactChecker2.xlsx,USA National Premiums,0.0,0.0,,566.0,157.22222222222223
xp_50,XP-50,WarThunder_FactChecker2.xlsx,USA National Premiums,1000.0,48.0,,578.0,160.55555555555554
xp_50,XP-50,WarThunder_FactChecker2.xlsx,USA National Premiums,2000.0,96.0,,592.0,164.44444444444443
xp_50,XP-50,WarThunder_FactChecker2.xlsx,USA National Premiums,3000.0,145.0,,606.0,168.33333333333334
xp_50,XP-50,WarThunder_FactChecker2.xlsx,USA National Premiums,4000.0,197.0,,618.0,171.66666666666666
xp_50,XP-50,WarThunder_FactChecker2.xlsx,USA National Premiums,5000.0,255.0,,634.0,176.11111111111111
xp_50,XP-50,WarThunder_FactChecker2.xlsx,USA National Premiums,6000.0,325.0,,649.0,180.27777777777777
p_61a_1,P-61A-1,WarThunder_FactChecker2.xlsx,USA National Premiums,0.0,0.0,,515.0,143.05555555555554
p_61a_1,P-61A-1,WarThunder_FactChecker2.xlsx,USA National Premiums,1000.0,79.0,,528.0,146.66666666666666
p_61a_1,P-61A-1,WarThunder_FactChecker2.xlsx,USA National Premiums,2000.0,167.0,,537.0,149.16666666666666
p_61a_1,P-61A-1,WarThunder_FactChecker2.xlsx,USA National Premiums,3000.0,265.0,,534.0,148.33333333333334
p_61a_1,P-61A-1,WarThunder_FactChecker2.xlsx,USA National Premiums,4000.0,367.0,,547.0,151.94444444444443
p_61a_1,P-61A-1,WarThunder_FactChecker2.xlsx,USA National Premiums,5000.0,471.0,,564.0,156.66666666666666
p_61a_1,P-61A-1,WarThunder_FactChecker2.xlsx,USA National Premiums,6000.0,587.0,,573.0,159.16666666666666
p_47m_1_re,P-47M-1-RE,WarThunder_FactChecker2.xlsx,USA National Premiums,0.0,0.0,0.0,596.0,165.55555555555554
p_47m_1_re,P-47M-1-RE,WarThunder_FactChecker2.xlsx,USA National Premiums,1000.0,64.0,46.0,611.0,169.72222222222223
p_47m_1_re,P-47M-1-RE,WarThunder_FactChecker2.xlsx,USA National Premiums,2000.0,128.0,91.0,629.0,174.72222222222223
p_47m_1_re,P-47M-1-RE,WarThunder_FactChecker2.xlsx,USA National Premiums,3000.0,193.0,136.0,647.0,179.72222222222223
p_47m_1_re,P-47M-1-RE,WarThunder_FactChecker2.xlsx,USA National Premiums,4000.0,259.0,183.0,666.0,185.0
p_47m_1_re,P-47M-1-RE,WarThunder_FactChecker2.xlsx,USA National Premiums,5000.0,327.0,231.0,685.0,190.27777777777777
p_47m_1_re,P-47M-1-RE,WarThunder_FactChecker2.xlsx,USA National Premiums,6000.0,397.0,280.0,706.0,196.11111111111111
p_51d_20_na,P-51D-20 NA,WarThunder_FactChecker2.xlsx,USA National Premiums,0.0,0.0,0.0,596.0,165.55555555555554
p_51d_20_na,P-51D-20 NA,WarThunder_FactChecker2.xlsx,USA National Premiums,1000.0,58.0,52.0,618.0,171.66666666666666
p_51d_20_na,P-51D-20 NA,WarThunder_FactChecker2.xlsx,USA National Premiums,2000.0,114.0,103.0,643.0,178.61111111111111
p_51d_20_na,P-51D-20 NA,WarThunder_FactChecker2.xlsx,USA National Premiums,3000.0,170.0,158.0,669.0,185.83333333333334
p_51d_20_na,P-51D-20 NA,WarThunder_FactChecker2.xlsx,USA National Premiums,4000.0,234.0,221.0,668.0,185.55555555555554
p_51d_20_na,P-51D-20 NA,WarThunder_FactChecker2.xlsx,USA National Premiums,5000.0,306.0,286.0,664.0,184.44444444444443
p_51d_20_na,P-51D-20 NA,WarThunder_FactChecker2.xlsx,USA National Premiums,6000.0,380.0,352.0,687.0,190.83333333333334
ki_43_ii,Ki-43-II,WarThunder_FactChecker2.xlsx,USA Foreign Premiums,0.0,0.0,0.0,442.0,122.77777777777777
ki_43_ii,Ki-43-II,WarThunder_FactChecker2.xlsx,USA Foreign Premiums,1000.0,54.0,49.0,462.0,128.33333333333334
ki_43_ii,Ki-43-II,WarThunder_FactChecker2.xlsx,USA Foreign Premiums,2000.0,107.0,97.0,484.0,134.44444444444443
ki_43_ii,Ki-43-II,WarThunder_FactChecker2.xlsx,USA Foreign Premiums,3000.0,161.0,146.0,496.0,137.77777777777777
ki_43_ii,Ki-43-II,WarThunder_FactChecker2.xlsx,USA Foreign Premiums,4000.0,222.0,202.0,490.0,136.11111111111111
ki_43_ii,Ki-43-II,WarThunder_FactChecker2.xlsx,USA Foreign Premiums,5000.0,288.0,261.0,512.0,142.22222222222223
ki_43_ii,Ki-43-II,WarThunder_FactChecker2.xlsx,USA Foreign Premiums,6000.0,355.0,322.0,531.0,147.5
ki_61_ib,Ki-61-Ib,WarThunder_FactChecker2.xlsx,USA Foreign Premiums,0.0,0.0,0.0,494.0,137.22222222222223
ki_61_ib,Ki-61-Ib,WarThunder_FactChecker2.xlsx,USA Foreign Premiums,1000.0,59.0,51.0,531.0,147.5
ki_61_ib,Ki-61-Ib,WarThunder_FactChecker2.xlsx,USA Foreign Premiums,2000.0,114.0,99.0,568.0,157.77777777777777
ki_61_ib,Ki-61-Ib,WarThunder_FactChecker2.xlsx,USA Foreign Premiums,3000.0,170.0,149.0,586.0,162.77777777777777
ki_61_ib,Ki-61-Ib,WarThunder_FactChecker2.xlsx,USA Foreign Premiums,4000.0,228.0,202.0,601.0,166.94444444444443
ki_61_ib,Ki-61-Ib,WarThunder_FactChecker2.xlsx,USA Foreign Premiums,5000.0,294.0,265.0,594.0,165.0
ki_61_ib,Ki-61-Ib,WarThunder_FactChecker2.xlsx,USA Foreign Premiums,6000.0,372.0,342.0,587.0,163.05555555555554
a6m2,A6M2,WarThunder_FactChecker2.xlsx,USA Foreign Premiums,0.0,0.0,0.0,442.0,122.77777777777777
a6m2,A6M2,WarThunder_FactChecker2.xlsx,USA Foreign Premiums,1000.0,61.0,53.0,462.0,128.33333333333334
a6m2,A6M2,WarThunder_FactChecker2.xlsx,USA Foreign Premiums,2000.0,119.0,104.0,483.0,134.16666666666666
a6m2,A6M2,WarThunder_FactChecker2.xlsx,USA Foreign Premiums,3000.0,177.0,155.0,505.0,140.27777777777777
a6m2,A6M2,WarThunder_FactChecker2.xlsx,USA Foreign Premiums,4000.0,235.0,209.0,525.0,145.83333333333334
a6m2,A6M2,WarThunder_FactChecker2.xlsx,USA Foreign Premiums,5000.0,300.0,271.0,520.0,144.44444444444443
a6m2,A6M2,WarThunder_FactChecker2.xlsx,USA Foreign Premiums,6000.0,380.0,345.0,513.0,142.5
bf_109_f_4,Bf 109 F-4,WarThunder_FactChecker2.xlsx,USA Foreign Premiums,0.0,0.0,0.0,546.0,151.66666666666666
bf_109_f_4,Bf 109 F-4,WarThunder_FactChecker2.xlsx,USA Foreign Premiums,1000.0,53.0,46.0,570.0,158.33333333333334
bf_109_f_4,Bf 109 F-4,WarThunder_FactChecker2.xlsx,USA Foreign Premiums,2000.0,105.0,90.0,596.0,165.55555555555554
bf_109_f_4,Bf 109 F-4,WarThunder_FactChecker2.xlsx,USA Foreign Premiums,3000.0,156.0,133.0,622.0,172.77777777777777
bf_109_f_4,Bf 109 F-4,WarThunder_FactChecker2.xlsx,USA Foreign Premiums,4000.0,210.0,179.0,636.0,176.66666666666666
bf_109_f_4,Bf 109 F-4,WarThunder_FactChecker2.xlsx,USA Foreign Premiums,5000.0,266.0,227.0,652.0,181.11111111111111
bf_109_f_4,Bf 109 F-4,WarThunder_FactChecker2.xlsx,USA Foreign Premiums,6000.0,328.0,280.0,664.0,184.44444444444443
fw_190_a_8,Fw 190 A-8,WarThunder_FactChecker2.xlsx,USA Foreign Premiums,0.0,0.0,0.0,568.0,157.77777777777777
fw_190_a_8,Fw 190 A-8,WarThunder_FactChecker2.xlsx,USA Foreign Premiums,1000.0,66.0,54.0,579.0,160.83333333333334
fw_190_a_8,Fw 190 A-8,WarThunder_FactChecker2.xlsx,USA Foreign Premiums,2000.0,139.0,115.0,577.0,160.27777777777777
fw_190_a_8,Fw 190 A-8,WarThunder_FactChecker2.xlsx,USA Foreign Premiums,3000.0,224.0,177.0,595.0,165.27777777777777
fw_190_a_8,Fw 190 A-8,WarThunder_FactChecker2.xlsx,USA Foreign Premiums,4000.0,311.0,239.0,619.0,171.94444444444443
fw_190_a_8,Fw 190 A-8,WarThunder_FactChecker2.xlsx,USA Foreign Premiums,5000.0,398.0,302.0,643.0,178.61111111111111
fw_190_a_8,Fw 190 A-8,WarThunder_FactChecker2.xlsx,USA Foreign Premiums,6000.0,488.0,375.0,643.0,178.61111111111111
spitfire_lf_mk_ixc,Spitfire LF Mk IXc,WarThunder_FactChecker2.xlsx,USA Foreign Premiums,0.0,0.0,0.0,559.0,155.27777777777777
spitfire_lf_mk_ixc,Spitfire LF Mk IXc,WarThunder_FactChecker2.xlsx,USA Foreign Premiums,1000.0,53.0,40.0,579.0,160.83333333333334
spitfire_lf_mk_ixc,Spitfire LF Mk IXc,WarThunder_FactChecker2.xlsx,USA Foreign Premiums,2000.0,106.0,80.0,601.0,166.94444444444443
spitfire_lf_mk_ixc,Spitfire LF Mk IXc,WarThunder_FactChecker2.xlsx,USA Foreign Premiums,3000.0,157.0,120.0,621.0,172.5
spitfire_lf_mk_ixc,Spitfire LF Mk IXc,WarThunder_FactChecker2.xlsx,USA Foreign Premiums,4000.0,211.0,165.0,613.0,170.27777777777777
spitfire_lf_mk_ixc,Spitfire LF Mk IXc,WarThunder_FactChecker2.xlsx,USA Foreign Premiums,5000.0,269.0,210.0,634.0,176.11111111111111
spitfire_lf_mk_ixc,Spitfire LF Mk IXc,WarThunder_FactChecker2.xlsx,USA Foreign Premiums,6000.0,328.0,255.0,656.0,182.22222222222223
he_112_v_5,He 112 V-5,WarThunder_FactChecker2.xlsx,Messerschmitt,0.0,0.0,0.0,444.0,123.33333333333333
he_112_v_5,He 112 V-5,WarThunder_FactChecker2.xlsx,Messerschmitt,1000.0,81.0,71.0,461.0,128.05555555555554
he_112_v_5,He 112 V-5,WarThunder_FactChecker2.xlsx,Messerschmitt,2000.0,163.0,148.0,466.0,129.44444444444443
he_112_v_5,He 112 V-5,WarThunder_FactChecker2.xlsx,Messerschmitt,3000.0,253.0,228.0,479.0,133.05555555555554
he_112_v_5,He 112 V-5,WarThunder_FactChecker2.xlsx,Messerschmitt,4000.0,347.0,319.0,481.0,133.61111111111111
he_112_v_5,He 112 V-5,WarThunder_FactChecker2.xlsx,Messerschmitt,5000.0,461.0,428.0,473.0,131.38888888888889
he_112_v_5,He 112 V-5,WarThunder_FactChecker2.xlsx,Messerschmitt,6000.0,604.0,565.0,463.0,128.61111111111111
he_112_a_0,He 112 A-0,WarThunder_FactChecker2.xlsx,Messerschmitt,0.0,0.0,,420.0,116.66666666666666
he_112_a_0,He 112 A-0,WarThunder_FactChecker2.xlsx,Messerschmitt,1000.0,81.0,,437.0,121.38888888888889
he_112_a_0,He 112 A-0,WarThunder_FactChecker2.xlsx,Messerschmitt,2000.0,161.0,,454.0,126.11111111111111
he_112_a_0,He 112 A-0,WarThunder_FactChecker2.xlsx,Messerschmitt,3000.0,240.0,,472.0,131.11111111111111
he_112_a_0,He 112 A-0,WarThunder_FactChecker2.xlsx,Messerschmitt,4000.0,328.0,,468.0,130.0
he_112_a_0,He 112 A-0,WarThunder_FactChecker2.xlsx,Messerschmitt,5000.0,435.0,,459.0,127.5
he_112_a_0,He 112 A-0,WarThunder_FactChecker2.xlsx,Messerschmitt,6000.0,569.0,,448.0,124.44444444444444
he_112_b_0,He 112 B-0,WarThunder_FactChecker2.xlsx,Messerschmitt,0.0,0.0,0.0,467.0,129.72222222222223
he_112_b_0,He 112 B-0,WarThunder_FactChecker2.xlsx,Messerschmitt,1000.0,74.0,64.0,486.0,135.0
he_112_b_0,He 112 B-0,WarThunder_FactChecker2.xlsx,Messerschmitt,2000.0,149.0,133.0,497.0,138.05555555555554
he_112_b_0,He 112 B-0,WarThunder_FactChecker2.xlsx,Messerschmitt,3000.0,232.0,204.0,505.0,140.27777777777777
he_112_b_0,He 112 B-0,WarThunder_FactChecker2.xlsx,Messerschmitt,4000.0,318.0,284.0,513.0,142.5
he_112_b_0,He 112 B-0,WarThunder_FactChecker2.xlsx,Messerschmitt,5000.0,423.0,381.0,504.0,140.0
he_112_b_0,He 112 B-0,WarThunder_FactChecker2.xlsx,Messerschmitt,6000.0,557.0,503.0,495.0,137.5
bf_109_b_1_l,Bf 109 B-1/L,WarThunder_FactChecker2.xlsx,Messerschmitt,0.0,0.0,0.0,423.0,117.5
bf_109_b_1_l,Bf 109 B-1/L,WarThunder_FactChecker2.xlsx,Messerschmitt,1000.0,69.0,65.0,442.0,122.77777777777777
bf_109_b_1_l,Bf 109 B-1/L,WarThunder_FactChecker2.xlsx,Messerschmitt,2000.0,140.0,135.0,448.0,124.44444444444444
bf_109_b_1_l,Bf 109 B-1/L,WarThunder_FactChecker2.xlsx,Messerschmitt,3000.0,219.0,210.0,454.0,126.11111111111111
bf_109_b_1_l,Bf 109 B-1/L,WarThunder_FactChecker2.xlsx,Messerschmitt,4000.0,302.0,292.0,463.0,128.61111111111111
bf_109_b_1_l,Bf 109 B-1/L,WarThunder_FactChecker2.xlsx,Messerschmitt,5000.0,403.0,393.0,453.0,125.83333333333333
bf_109_b_1_l,Bf 109 B-1/L,WarThunder_FactChecker2.xlsx,Messerschmitt,6000.0,530.0,520.0,443.0,123.05555555555556
bf_109_e_1,Bf 109 E-1,WarThunder_FactChecker2.xlsx,Messerschmitt,0.0,0.0,0.0,475.0,131.94444444444443
bf_109_e_1,Bf 109 E-1,WarThunder_FactChecker2.xlsx,Messerschmitt,1000.0,56.0,51.0,498.0,138.33333333333334
bf_109_e_1,Bf 109 E-1,WarThunder_FactChecker2.xlsx,Messerschmitt,2000.0,109.0,100.0,521.0,144.72222222222223
bf_109_e_1,Bf 109 E-1,WarThunder_FactChecker2.xlsx,Messerschmitt,3000.0,161.0,148.0,543.0,150.83333333333334
bf_109_e_1,Bf 109 E-1,WarThunder_FactChecker2.xlsx,Messerschmitt,4000.0,215.0,197.0,558.0,155.0
bf_109_e_1,Bf 109 E-1,WarThunder_FactChecker2.xlsx,Messerschmitt,5000.0,271.0,250.0,573.0,159.16666666666666
bf_109_e_1,Bf 109 E-1,WarThunder_FactChecker2.xlsx,Messerschmitt,6000.0,334.0,311.0,568.0,157.77777777777777
bf_109_e_3,Bf 109 E-3,WarThunder_FactChecker2.xlsx,Messerschmitt,0.0,0.0,0.0,475.0,131.94444444444443
bf_109_e_3,Bf 109 E-3,WarThunder_FactChecker2.xlsx,Messerschmitt,1000.0,56.0,51.0,498.0,138.33333333333334
bf_109_e_3,Bf 109 E-3,WarThunder_FactChecker2.xlsx,Messerschmitt,2000.0,109.0,100.0,521.0,144.72222222222223
bf_109_e_3,Bf 109 E-3,WarThunder_FactChecker2.xlsx,Messerschmitt,3000.0,162.0,148.0,543.0,150.83333333333334
bf_109_e_3,Bf 109 E-3,WarThunder_FactChecker2.xlsx,Messerschmitt,4000.0,216.0,198.0,558.0,155.0
bf_109_e_3,Bf 109 E-3,WarThunder_FactChecker2.xlsx,Messerschmitt,5000.0,272.0,250.0,573.0,159.16666666666666
bf_109_e_3,Bf 109 E-3,WarThunder_FactChecker2.xlsx,Messerschmitt,6000.0,335.0,311.0,568.0,157.77777777777777
bf_109_e_4,Bf 109 E-4,WarThunder_FactChecker2.xlsx,Messerschmitt,0.0,0.0,0.0,496.0,137.77777777777777
bf_109_e_4,Bf 109 E-4,WarThunder_FactChecker2.xlsx,Messerschmitt,1000.0,51.0,45.0,524.0,145.55555555555554
bf_109_e_4,Bf 109 E-4,WarThunder_FactChecker2.xlsx,Messerschmitt,2000.0,100.0,89.0,546.0,151.66666666666666
bf_109_e_4,Bf 109 E-4,WarThunder_FactChecker2.xlsx,Messerschmitt,3000.0,151.0,135.0,561.0,155.83333333333334
bf_109_e_4,Bf 109 E-4,WarThunder_FactChecker2.xlsx,Messerschmitt,4000.0,204.0,182.0,578.0,160.55555555555554
bf_109_e_4,Bf 109 E-4,WarThunder_FactChecker2.xlsx,Messerschmitt,5000.0,263.0,237.0,573.0,159.16666666666666
bf_109_e_4,Bf 109 E-4,WarThunder_FactChecker2.xlsx,Messerschmitt,6000.0,336.0,304.0,565.0,156.94444444444443
bf_109_f_1,Bf 109 F-1,WarThunder_FactChecker2.xlsx,Messerschmitt,0.0,0.0,0.0,519.0,144.16666666666666
bf_109_f_1,Bf 109 F-1,WarThunder_FactChecker2.xlsx,Messerschmitt,1000.0,58.0,49.0,542.0,150.55555555555554
bf_109_f_1,Bf 109 F-1,WarThunder_FactChecker2.xlsx,Messerschmitt,2000.0,114.0,98.0,565.0,156.94444444444443
bf_109_f_1,Bf 109 F-1,WarThunder_FactChecker2.xlsx,Messerschmitt,3000.0,171.0,146.0,585.0,162.5
bf_109_f_1,Bf 109 F-1,WarThunder_FactChecker2.xlsx,Messerschmitt,4000.0,230.0,196.0,601.0,166.94444444444443
bf_109_f_1,Bf 109 F-1,WarThunder_FactChecker2.xlsx,Messerschmitt,5000.0,291.0,248.0,617.0,171.38888888888889
bf_109_f_1,Bf 109 F-1,WarThunder_FactChecker2.xlsx,Messerschmitt,6000.0,359.0,308.0,618.0,171.66666666666666
bf_109_f_2,Bf 109 F-2,WarThunder_FactChecker2.xlsx,Messerschmitt,0.0,0.0,0.0,519.0,144.16666666666666
bf_109_f_2,Bf 109 F-2,WarThunder_FactChecker2.xlsx,Messerschmitt,1000.0,58.0,49.0,542.0,150.55555555555554
bf_109_f_2,Bf 109 F-2,WarThunder_FactChecker2.xlsx,Messerschmitt,2000.0,114.0,98.0,565.0,156.94444444444443
bf_109_f_2,Bf 109 F-2,WarThunder_FactChecker2.xlsx,Messerschmitt,3000.0,171.0,146.0,585.0,162.5
bf_109_f_2,Bf 109 F-2,WarThunder_FactChecker2.xlsx,Messerschmitt,4000.0,230.0,197.0,601.0,166.94444444444443
bf_109_f_2,Bf 109 F-2,WarThunder_FactChecker2.xlsx,Messerschmitt,5000.0,291.0,249.0,617.0,171.38888888888889
bf_109_f_2,Bf 109 F-2,WarThunder_FactChecker2.xlsx,Messerschmitt,6000.0,360.0,308.0,618.0,171.66666666666666
bf_109_f_4,Bf 109 F-4,WarThunder_FactChecker2.xlsx,Messerschmitt,0.0,0.0,0.0,546.0,151.66666666666666
bf_109_f_4,Bf 109 F-4,WarThunder_FactChecker2.xlsx,Messerschmitt,1000.0,53.0,45.0,571.0,158.61111111111111
bf_109_f_4,Bf 109 F-4,WarThunder_FactChecker2.xlsx,Messerschmitt,2000.0,105.0,89.0,597.0,165.83333333333334
bf_109_f_4,Bf 109 F-4,WarThunder_FactChecker2.xlsx,Messerschmitt,3000.0,156.0,133.0,623.0,173.05555555555554
bf_109_f_4,Bf 109 F-4,WarThunder_FactChecker2.xlsx,Messerschmitt,4000.0,210.0,179.0,636.0,176.66666666666666
bf_109_f_4,Bf 109 F-4,WarThunder_FactChecker2.xlsx,Messerschmitt,5000.0,266.0,226.0,652.0,181.11111111111111
bf_109_f_4,Bf 109 F-4,WarThunder_FactChecker2.xlsx,Messerschmitt,6000.0,327.0,280.0,664.0,184.44444444444443
bf_109_f_4_trop,Bf 109 F-4/trop,WarThunder_FactChecker2.xlsx,Messerschmitt,0.0,0.0,0.0,532.0,147.77777777777777
bf_109_f_4_trop,Bf 109 F-4/trop,WarThunder_FactChecker2.xlsx,Messerschmitt,1000.0,54.0,46.0,557.0,154.72222222222223
bf_109_f_4_trop,Bf 109 F-4/trop,WarThunder_FactChecker2.xlsx,Messerschmitt,2000.0,106.0,91.0,582.0,161.66666666666666
bf_109_f_4_trop,Bf 109 F-4/trop,WarThunder_FactChecker2.xlsx,Messerschmitt,3000.0,159.0,135.0,607.0,168.61111111111111
bf_109_f_4_trop,Bf 109 F-4/trop,WarThunder_FactChecker2.xlsx,Messerschmitt,4000.0,213.0,182.0,620.0,172.22222222222223
bf_109_f_4_trop,Bf 109 F-4/trop,WarThunder_FactChecker2.xlsx,Messerschmitt,5000.0,271.0,230.0,635.0,176.38888888888889
bf_109_f_4_trop,Bf 109 F-4/trop,WarThunder_FactChecker2.xlsx,Messerschmitt,6000.0,334.0,285.0,645.0,179.16666666666666
bf_109_g_2_trop,Bf 109 G-2/trop,WarThunder_FactChecker2.xlsx,Messerschmitt,0.0,0.0,0.0,532.0,147.77777777777777
bf_109_g_2_trop,Bf 109 G-2/trop,WarThunder_FactChecker2.xlsx,Messerschmitt,1000.0,53.0,46.0,557.0,154.72222222222223
bf_109_g_2_trop,Bf 109 G-2/trop,WarThunder_FactChecker2.xlsx,Messerschmitt,2000.0,105.0,91.0,582.0,161.66666666666666
bf_109_g_2_trop,Bf 109 G-2/trop,WarThunder_FactChecker2.xlsx,Messerschmitt,3000.0,156.0,135.0,607.0,168.61111111111111
bf_109_g_2_trop,Bf 109 G-2/trop,WarThunder_FactChecker2.xlsx,Messerschmitt,4000.0,211.0,182.0,620.0,172.22222222222223
bf_109_g_2_trop,Bf 109 G-2/trop,WarThunder_FactChecker2.xlsx,Messerschmitt,5000.0,269.0,232.0,635.0,176.38888888888889
bf_109_g_2_trop,Bf 109 G-2/trop,WarThunder_FactChecker2.xlsx,Messerschmitt,6000.0,330.0,284.0,645.0,179.16666666666666
bf_109_g_6,Bf 109 G-6,WarThunder_FactChecker2.xlsx,Messerschmitt,0.0,0.0,0.0,563.0,156.38888888888889
bf_109_g_6,Bf 109 G-6,WarThunder_FactChecker2.xlsx,Messerschmitt,1000.0,62.0,41.0,588.0,163.33333333333334
bf_109_g_6,Bf 109 G-6,WarThunder_FactChecker2.xlsx,Messerschmitt,2000.0,124.0,82.0,610.0,169.44444444444443
bf_109_g_6,Bf 109 G-6,WarThunder_FactChecker2.xlsx,Messerschmitt,3000.0,187.0,124.0,627.0,174.16666666666666
bf_109_g_6,Bf 109 G-6,WarThunder_FactChecker2.xlsx,Messerschmitt,4000.0,253.0,167.0,645.0,179.16666666666666
bf_109_g_6,Bf 109 G-6,WarThunder_FactChecker2.xlsx,Messerschmitt,5000.0,321.0,215.0,665.0,184.72222222222223
bf_109_g_6,Bf 109 G-6,WarThunder_FactChecker2.xlsx,Messerschmitt,6000.0,392.0,269.0,663.0,184.16666666666666
bf_109_g_14,Bf 109 G-14,WarThunder_FactChecker2.xlsx,Messerschmitt,0.0,0.0,0.0,574.0,159.44444444444443
bf_109_g_14,Bf 109 G-14,WarThunder_FactChecker2.xlsx,Messerschmitt,1000.0,61.0,41.0,600.0,166.66666666666666
bf_109_g_14,Bf 109 G-14,WarThunder_FactChecker2.xlsx,Messerschmitt,2000.0,123.0,82.0,621.0,172.5
bf_109_g_14,Bf 109 G-14,WarThunder_FactChecker2.xlsx,Messerschmitt,3000.0,186.0,124.0,639.0,177.5
bf_109_g_14,Bf 109 G-14,WarThunder_FactChecker2.xlsx,Messerschmitt,4000.0,251.0,167.0,658.0,182.77777777777777
bf_109_g_14,Bf 109 G-14,WarThunder_FactChecker2.xlsx,Messerschmitt,5000.0,319.0,215.0,677.0,188.05555555555554
bf_109_g_14,Bf 109 G-14,WarThunder_FactChecker2.xlsx,Messerschmitt,6000.0,390.0,268.0,676.0,187.77777777777777
bf_109_g_10,Bf 109 G-10,WarThunder_FactChecker2.xlsx,Messerschmitt,0.0,0.0,0.0,580.0,161.11111111111111
bf_109_g_10,Bf 109 G-10,WarThunder_FactChecker2.xlsx,Messerschmitt,1000.0,53.0,41.0,604.0,167.77777777777777
bf_109_g_10,Bf 109 G-10,WarThunder_FactChecker2.xlsx,Messerschmitt,2000.0,109.0,83.0,622.0,172.77777777777777
bf_109_g_10,Bf 109 G-10,WarThunder_FactChecker2.xlsx,Messerschmitt,3000.0,167.0,127.0,634.0,176.11111111111111
bf_109_g_10,Bf 109 G-10,WarThunder_FactChecker2.xlsx,Messerschmitt,4000.0,229.0,174.0,648.0,180.0
bf_109_g_10,Bf 109 G-10,WarThunder_FactChecker2.xlsx,Messerschmitt,5000.0,294.0,223.0,663.0,184.16666666666666
bf_109_g_10,Bf 109 G-10,WarThunder_FactChecker2.xlsx,Messerschmitt,6000.0,364.0,275.0,680.0,188.88888888888889
bf_109_k_4,Bf 109 K-4,WarThunder_FactChecker2.xlsx,Messerschmitt,0.0,0.0,0.0,606.0,168.33333333333334
bf_109_k_4,Bf 109 K-4,WarThunder_FactChecker2.xlsx,Messerschmitt,1000.0,58.0,38.0,637.0,176.94444444444443
bf_109_k_4,Bf 109 K-4,WarThunder_FactChecker2.xlsx,Messerschmitt,2000.0,118.0,78.0,659.0,183.05555555555554
bf_109_k_4,Bf 109 K-4,WarThunder_FactChecker2.xlsx,Messerschmitt,3000.0,182.0,119.0,672.0,186.66666666666666
bf_109_k_4,Bf 109 K-4,WarThunder_FactChecker2.xlsx,Messerschmitt,4000.0,248.0,163.0,688.0,191.11111111111111
bf_109_k_4,Bf 109 K-4,WarThunder_FactChecker2.xlsx,Messerschmitt,5000.0,318.0,209.0,705.0,195.83333333333331
bf_109_k_4,Bf 109 K-4,WarThunder_FactChecker2.xlsx,Messerschmitt,6000.0,393.0,260.0,722.0,200.55555555555554
he_100_d_1,He 100 D-1,WarThunder_FactChecker2.xlsx,Focke-Wulf,0.0,0.0,0.0,559.0,155.27777777777777
he_100_d_1,He 100 D-1,WarThunder_FactChecker2.xlsx,Focke-Wulf,1000.0,55.0,51.0,589.0,163.61111111111111
he_100_d_1,He 100 D-1,WarThunder_FactChecker2.xlsx,Focke-Wulf,2000.0,108.0,101.0,619.0,171.94444444444443
he_100_d_1,He 100 D-1,WarThunder_FactChecker2.xlsx,Focke-Wulf,3000.0,163.0,153.0,644.0,178.88888888888889
he_100_d_1,He 100 D-1,WarThunder_FactChecker2.xlsx,Focke-Wulf,4000.0,220.0,207.0,658.0,182.77777777777777
he_100_d_1,He 100 D-1,WarThunder_FactChecker2.xlsx,Focke-Wulf,5000.0,282.0,270.0,671.0,186.38888888888889
he_100_d_1,He 100 D-1,WarThunder_FactChecker2.xlsx,Focke-Wulf,6000.0,354.0,343.0,665.0,184.72222222222223
fw_190_a_1,Fw 190 A-1,WarThunder_FactChecker2.xlsx,Focke-Wulf,0.0,0.0,0.0,552.0,153.33333333333334
fw_190_a_1,Fw 190 A-1,WarThunder_FactChecker2.xlsx,Focke-Wulf,1000.0,56.0,48.0,582.0,161.66666666666666
fw_190_a_1,Fw 190 A-1,WarThunder_FactChecker2.xlsx,Focke-Wulf,2000.0,116.0,97.0,606.0,168.33333333333334
fw_190_a_1,Fw 190 A-1,WarThunder_FactChecker2.xlsx,Focke-Wulf,3000.0,184.0,154.0,599.0,166.38888888888889
fw_190_a_1,Fw 190 A-1,WarThunder_FactChecker2.xlsx,Focke-Wulf,4000.0,253.0,211.0,613.0,170.27777777777777
fw_190_a_1,Fw 190 A-1,WarThunder_FactChecker2.xlsx,Focke-Wulf,5000.0,320.0,268.0,640.0,177.77777777777777
fw_190_a_1,Fw 190 A-1,WarThunder_FactChecker2.xlsx,Focke-Wulf,6000.0,396.0,328.0,662.0,183.88888888888889
fw_190_a_4,Fw 190 A-4,WarThunder_FactChecker2.xlsx,Focke-Wulf,0.0,0.0,0.0,565.0,156.94444444444443
fw_190_a_4,Fw 190 A-4,WarThunder_FactChecker2.xlsx,Focke-Wulf,1000.0,60.0,50.0,592.0,164.44444444444443
fw_190_a_4,Fw 190 A-4,WarThunder_FactChecker2.xlsx,Focke-Wulf,2000.0,125.0,104.0,598.0,166.11111111111111
fw_190_a_4,Fw 190 A-4,WarThunder_FactChecker2.xlsx,Focke-Wulf,3000.0,201.0,166.0,592.0,164.44444444444443
fw_190_a_4,Fw 190 A-4,WarThunder_FactChecker2.xlsx,Focke-Wulf,4000.0,278.0,229.0,616.0,171.11111111111111
fw_190_a_4,Fw 190 A-4,WarThunder_FactChecker2.xlsx,Focke-Wulf,5000.0,356.0,291.0,640.0,177.77777777777777
fw_190_a_4,Fw 190 A-4,WarThunder_FactChecker2.xlsx,Focke-Wulf,6000.0,436.0,356.0,663.0,184.16666666666666
fw_190_a_5,Fw 190 A-5,WarThunder_FactChecker2.xlsx,Focke-Wulf,0.0,0.0,0.0,572.0,158.88888888888889
fw_190_a_5,Fw 190 A-5,WarThunder_FactChecker2.xlsx,Focke-Wulf,1000.0,61.0,51.0,596.0,165.55555555555554
fw_190_a_5,Fw 190 A-5,WarThunder_FactChecker2.xlsx,Focke-Wulf,2000.0,129.0,107.0,600.0,166.66666666666666
fw_190_a_5,Fw 190 A-5,WarThunder_FactChecker2.xlsx,Focke-Wulf,3000.0,206.0,170.0,595.0,165.27777777777777
fw_190_a_5,Fw 190 A-5,WarThunder_FactChecker2.xlsx,Focke-Wulf,4000.0,285.0,234.0,618.0,171.66666666666666
fw_190_a_5,Fw 190 A-5,WarThunder_FactChecker2.xlsx,Focke-Wulf,5000.0,365.0,298.0,642.0,178.33333333333334
fw_190_a_5,Fw 190 A-5,WarThunder_FactChecker2.xlsx,Focke-Wulf,6000.0,447.0,364.0,665.0,184.72222222222223
fw_190_a5_u12,Fw 190 A5/U12,WarThunder_FactChecker2.xlsx,Focke-Wulf,0.0,0.0,0.0,577.0,160.27777777777777
fw_190_a5_u12,Fw 190 A5/U12,WarThunder_FactChecker2.xlsx,Focke-Wulf,1000.0,58.0,48.0,601.0,166.94444444444443
fw_190_a5_u12,Fw 190 A5/U12,WarThunder_FactChecker2.xlsx,Focke-Wulf,2000.0,122.0,102.0,605.0,168.05555555555554
fw_190_a5_u12,Fw 190 A5/U12,WarThunder_FactChecker2.xlsx,Focke-Wulf,3000.0,196.0,163.0,600.0,166.66666666666666
fw_190_a5_u12,Fw 190 A5/U12,WarThunder_FactChecker2.xlsx,Focke-Wulf,4000.0,270.0,223.0,623.0,173.05555555555554
fw_190_a5_u12,Fw 190 A5/U12,WarThunder_FactChecker2.xlsx,Focke-Wulf,5000.0,345.0,284.0,647.0,179.72222222222223
fw_190_a5_u12,Fw 190 A5/U12,WarThunder_FactChecker2.xlsx,Focke-Wulf,6000.0,422.0,346.0,670.0,186.11111111111111
fw_190_a5_u2,Fw 190 A5/U2,WarThunder_FactChecker2.xlsx,Focke-Wulf,0.0,0.0,0.0,580.0,161.11111111111111
fw_190_a5_u2,Fw 190 A5/U2,WarThunder_FactChecker2.xlsx,Focke-Wulf,1000.0,56.0,47.0,604.0,167.77777777777777
fw_190_a5_u2,Fw 190 A5/U2,WarThunder_FactChecker2.xlsx,Focke-Wulf,2000.0,118.0,99.0,609.0,169.16666666666666
fw_190_a5_u2,Fw 190 A5/U2,WarThunder_FactChecker2.xlsx,Focke-Wulf,3000.0,188.0,157.0,603.0,167.5
fw_190_a5_u2,Fw 190 A5/U2,WarThunder_FactChecker2.xlsx,Focke-Wulf,4000.0,260.0,215.0,627.0,174.16666666666666
fw_190_a5_u2,Fw 190 A5/U2,WarThunder_FactChecker2.xlsx,Focke-Wulf,5000.0,331.0,273.0,651.0,180.83333333333334
fw_190_a5_u2,Fw 190 A5/U2,WarThunder_FactChecker2.xlsx,Focke-Wulf,6000.0,405.0,333.0,675.0,187.5
fw_190_a_8,Fw 190 A-8,WarThunder_FactChecker2.xlsx,Focke-Wulf,0.0,0.0,0.0,569.0,158.05555555555554
fw_190_a_8,Fw 190 A-8,WarThunder_FactChecker2.xlsx,Focke-Wulf,1000.0,66.0,54.0,581.0,161.38888888888889
fw_190_a_8,Fw 190 A-8,WarThunder_FactChecker2.xlsx,Focke-Wulf,2000.0,139.0,114.0,578.0,160.55555555555554
fw_190_a_8,Fw 190 A-8,WarThunder_FactChecker2.xlsx,Focke-Wulf,3000.0,224.0,177.0,595.0,165.27777777777777
fw_190_a_8,Fw 190 A-8,WarThunder_FactChecker2.xlsx,Focke-Wulf,4000.0,310.0,239.0,619.0,171.94444444444443
fw_190_a_8,Fw 190 A-8,WarThunder_FactChecker2.xlsx,Focke-Wulf,5000.0,396.0,301.0,644.0,178.88888888888889
fw_190_a_8,Fw 190 A-8,WarThunder_FactChecker2.xlsx,Focke-Wulf,6000.0,486.0,374.0,643.0,178.61111111111111
fw_190_f_8,Fw 190 F-8,WarThunder_FactChecker2.xlsx,Focke-Wulf,0.0,0.0,0.0,577.0,160.27777777777777
fw_190_f_8,Fw 190 F-8,WarThunder_FactChecker2.xlsx,Focke-Wulf,1000.0,62.0,50.0,590.0,163.88888888888889
fw_190_f_8,Fw 190 F-8,WarThunder_FactChecker2.xlsx,Focke-Wulf,2000.0,129.0,107.0,587.0,163.05555555555554
fw_190_f_8,Fw 190 F-8,WarThunder_FactChecker2.xlsx,Focke-Wulf,3000.0,207.0,165.0,604.0,167.77777777777777
fw_190_f_8,Fw 190 F-8,WarThunder_FactChecker2.xlsx,Focke-Wulf,4000.0,287.0,223.0,629.0,174.72222222222223
fw_190_f_8,Fw 190 F-8,WarThunder_FactChecker2.xlsx,Focke-Wulf,5000.0,366.0,281.0,652.0,181.11111111111111
fw_190_f_8,Fw 190 F-8,WarThunder_FactChecker2.xlsx,Focke-Wulf,6000.0,449.0,348.0,653.0,181.38888888888889
fw_190_d_9,Fw 190 D-9,WarThunder_FactChecker2.xlsx,Focke-Wulf,0.0,0.0,0.0,613.0,170.27777777777777
fw_190_d_9,Fw 190 D-9,WarThunder_FactChecker2.xlsx,Focke-Wulf,1000.0,54.0,44.0,631.0,175.27777777777777
fw_190_d_9,Fw 190 D-9,WarThunder_FactChecker2.xlsx,Focke-Wulf,2000.0,109.0,89.0,650.0,180.55555555555554
fw_190_d_9,Fw 190 D-9,WarThunder_FactChecker2.xlsx,Focke-Wulf,3000.0,166.0,138.0,657.0,182.5
fw_190_d_9,Fw 190 D-9,WarThunder_FactChecker2.xlsx,Focke-Wulf,4000.0,228.0,187.0,675.0,187.5
fw_190_d_9,Fw 190 D-9,WarThunder_FactChecker2.xlsx,Focke-Wulf,5000.0,292.0,239.0,694.0,192.77777777777777
fw_190_d_9,Fw 190 D-9,WarThunder_FactChecker2.xlsx,Focke-Wulf,6000.0,359.0,299.0,702.0,195.0
fw_190_d_12,Fw 190 D-12,WarThunder_FactChecker2.xlsx,Focke-Wulf,0.0,0.0,0.0,604.0,167.77777777777777
fw_190_d_12,Fw 190 D-12,WarThunder_FactChecker2.xlsx,Focke-Wulf,1000.0,55.0,46.0,624.0,173.33333333333334
fw_190_d_12,Fw 190 D-12,WarThunder_FactChecker2.xlsx,Focke-Wulf,2000.0,111.0,92.0,645.0,179.16666666666666
fw_190_d_12,Fw 190 D-12,WarThunder_FactChecker2.xlsx,Focke-Wulf,3000.0,168.0,143.0,664.0,184.44444444444443
fw_190_d_12,Fw 190 D-12,WarThunder_FactChecker2.xlsx,Focke-Wulf,4000.0,229.0,195.0,668.0,185.55555555555554
fw_190_d_12,Fw 190 D-12,WarThunder_FactChecker2.xlsx,Focke-Wulf,5000.0,296.0,249.0,687.0,190.83333333333334
fw_190_d_12,Fw 190 D-12,WarThunder_FactChecker2.xlsx,Focke-Wulf,6000.0,365.0,305.0,707.0,196.38888888888889
ta_152_h_1,Ta 152 H-1,WarThunder_FactChecker2.xlsx,Focke-Wulf,0.0,0.0,0.0,582.0,161.66666666666666
ta_152_h_1,Ta 152 H-1,WarThunder_FactChecker2.xlsx,Focke-Wulf,1000.0,59.0,49.0,601.0,166.94444444444443
ta_152_h_1,Ta 152 H-1,WarThunder_FactChecker2.xlsx,Focke-Wulf,2000.0,118.0,99.0,621.0,172.5
ta_152_h_1,Ta 152 H-1,WarThunder_FactChecker2.xlsx,Focke-Wulf,3000.0,177.0,153.0,638.0,177.22222222222223
ta_152_h_1,Ta 152 H-1,WarThunder_FactChecker2.xlsx,Focke-Wulf,4000.0,241.0,208.0,645.0,179.16666666666666
ta_152_h_1,Ta 152 H-1,WarThunder_FactChecker2.xlsx,Focke-Wulf,5000.0,310.0,265.0,664.0,184.44444444444443
ta_152_h_1,Ta 152 H-1,WarThunder_FactChecker2.xlsx,Focke-Wulf,6000.0,380.0,323.0,684.0,190.0
ta_152_c_3,Ta 152 C-3,WarThunder_FactChecker2.xlsx,Focke-Wulf,0.0,0.0,0.0,610.0,169.44444444444443
ta_152_c_3,Ta 152 C-3,WarThunder_FactChecker2.xlsx,Focke-Wulf,1000.0,53.0,48.0,630.0,175.0
ta_152_c_3,Ta 152 C-3,WarThunder_FactChecker2.xlsx,Focke-Wulf,2000.0,107.0,96.0,651.0,180.83333333333334
ta_152_c_3,Ta 152 C-3,WarThunder_FactChecker2.xlsx,Focke-Wulf,3000.0,162.0,145.0,674.0,187.22222222222223
ta_152_c_3,Ta 152 C-3,WarThunder_FactChecker2.xlsx,Focke-Wulf,4000.0,220.0,197.0,689.0,191.38888888888889
ta_152_c_3,Ta 152 C-3,WarThunder_FactChecker2.xlsx,Focke-Wulf,5000.0,282.0,253.0,703.0,195.27777777777777
ta_152_c_3,Ta 152 C-3,WarThunder_FactChecker2.xlsx,Focke-Wulf,6000.0,348.0,311.0,717.0,199.16666666666666
do_17_z_7,Do 17 Z-7,WarThunder_FactChecker2.xlsx,Germany Heavy Fighters,0.0,0.0,0.0,398.0,110.55555555555556
do_17_z_7,Do 17 Z-7,WarThunder_FactChecker2.xlsx,Germany Heavy Fighters,1000.0,117.0,74.0,418.0,116.11111111111111
do_17_z_7,Do 17 Z-7,WarThunder_FactChecker2.xlsx,Germany Heavy Fighters,2000.0,229.0,152.0,425.0,118.05555555555556
do_17_z_7,Do 17 Z-7,WarThunder_FactChecker2.xlsx,Germany Heavy Fighters,3000.0,354.0,231.0,439.0,121.94444444444444
do_17_z_7,Do 17 Z-7,WarThunder_FactChecker2.xlsx,Germany Heavy Fighters,4000.0,480.0,309.0,460.0,127.77777777777777
do_17_z_7,Do 17 Z-7,WarThunder_FactChecker2.xlsx,Germany Heavy Fighters,5000.0,611.0,402.0,454.0,126.11111111111111
do_17_z_7,Do 17 Z-7,WarThunder_FactChecker2.xlsx,Germany Heavy Fighters,6000.0,788.0,525.0,437.0,121.38888888888889
bf_110_c_4,Bf 110 C-4,WarThunder_FactChecker2.xlsx,Germany Heavy Fighters,0.0,0.0,0.0,450.0,125.0
bf_110_c_4,Bf 110 C-4,WarThunder_FactChecker2.xlsx,Germany Heavy Fighters,1000.0,75.0,69.0,471.0,130.83333333333334
bf_110_c_4,Bf 110 C-4,WarThunder_FactChecker2.xlsx,Germany Heavy Fighters,2000.0,150.0,137.0,492.0,136.66666666666666
bf_110_c_4,Bf 110 C-4,WarThunder_FactChecker2.xlsx,Germany Heavy Fighters,3000.0,227.0,204.0,506.0,140.55555555555554
bf_110_c_4,Bf 110 C-4,WarThunder_FactChecker2.xlsx,Germany Heavy Fighters,4000.0,307.0,280.0,520.0,144.44444444444443
bf_110_c_4,Bf 110 C-4,WarThunder_FactChecker2.xlsx,Germany Heavy Fighters,5000.0,396.0,363.0,532.0,147.77777777777777
bf_110_c_4,Bf 110 C-4,WarThunder_FactChecker2.xlsx,Germany Heavy Fighters,6000.0,507.0,466.0,522.0,145.0
ju_88_c_6,Ju 88 C-6,WarThunder_FactChecker2.xlsx,Germany Heavy Fighters,0.0,0.0,0.0,454.0,126.11111111111111
ju_88_c_6,Ju 88 C-6,WarThunder_FactChecker2.xlsx,Germany Heavy Fighters,1000.0,111.0,86.0,475.0,131.94444444444443
ju_88_c_6,Ju 88 C-6,WarThunder_FactChecker2.xlsx,Germany Heavy Fighters,2000.0,220.0,169.0,495.0,137.5
ju_88_c_6,Ju 88 C-6,WarThunder_FactChecker2.xlsx,Germany Heavy Fighters,3000.0,332.0,255.0,507.0,140.83333333333334
ju_88_c_6,Ju 88 C-6,WarThunder_FactChecker2.xlsx,Germany Heavy Fighters,4000.0,451.0,345.0,519.0,144.16666666666666
ju_88_c_6,Ju 88 C-6,WarThunder_FactChecker2.xlsx,Germany Heavy Fighters,5000.0,578.0,442.0,528.0,146.66666666666666
ju_88_c_6,Ju 88 C-6,WarThunder_FactChecker2.xlsx,Germany Heavy Fighters,6000.0,725.0,563.0,514.0,142.77777777777777
do_217_j_1,Do 217 J-1,WarThunder_FactChecker2.xlsx,Germany Heavy Fighters,0.0,0.0,0.0,461.0,128.05555555555554
do_217_j_1,Do 217 J-1,WarThunder_FactChecker2.xlsx,Germany Heavy Fighters,1000.0,129.0,114.0,479.0,133.05555555555554
do_217_j_1,Do 217 J-1,WarThunder_FactChecker2.xlsx,Germany Heavy Fighters,2000.0,267.0,233.0,496.0,137.77777777777777
do_217_j_1,Do 217 J-1,WarThunder_FactChecker2.xlsx,Germany Heavy Fighters,3000.0,442.0,381.0,488.0,135.55555555555554
do_217_j_1,Do 217 J-1,WarThunder_FactChecker2.xlsx,Germany Heavy Fighters,4000.0,629.0,540.0,493.0,136.94444444444443
do_217_j_1,Do 217 J-1,WarThunder_FactChecker2.xlsx,Germany Heavy Fighters,5000.0,819.0,700.0,513.0,142.5
do_217_j_1,Do 217 J-1,WarThunder_FactChecker2.xlsx,Germany Heavy Fighters,6000.0,1064.0,895.0,519.0,144.16666666666666
do_217_j_2,Do 217 J-2,WarThunder_FactChecker2.xlsx,Germany Heavy Fighters,0.0,0.0,0.0,461.0,128.05555555555554
do_217_j_2,Do 217 J-2,WarThunder_FactChecker2.xlsx,Germany Heavy Fighters,1000.0,129.0,114.0,479.0,133.05555555555554
do_217_j_2,Do 217 J-2,WarThunder_FactChecker2.xlsx,Germany Heavy Fighters,2000.0,267.0,233.0,496.0,137.77777777777777
do_217_j_2,Do 217 J-2,WarThunder_FactChecker2.xlsx,Germany Heavy Fighters,3000.0,442.0,381.0,488.0,135.55555555555554
do_217_j_2,Do 217 J-2,WarThunder_FactChecker2.xlsx,Germany Heavy Fighters,4000.0,629.0,540.0,493.0,136.94444444444443
do_217_j_2,Do 217 J-2,WarThunder_FactChecker2.xlsx,Germany Heavy Fighters,5000.0,819.0,700.0,513.0,142.5
do_217_j_2,Do 217 J-2,WarThunder_FactChecker2.xlsx,Germany Heavy Fighters,6000.0,1064.0,895.0,519.0,144.16666666666666
do_217_n_1,Do 217 N-1,WarThunder_FactChecker2.xlsx,Germany Heavy Fighters,0.0,0.0,0.0,458.0,127.22222222222221
do_217_n_1,Do 217 N-1,WarThunder_FactChecker2.xlsx,Germany Heavy Fighters,1000.0,112.0,96.0,481.0,133.61111111111111
do_217_n_1,Do 217 N-1,WarThunder_FactChecker2.xlsx,Germany Heavy Fighters,2000.0,222.0,189.0,505.0,140.27777777777777
do_217_n_1,Do 217 N-1,WarThunder_FactChecker2.xlsx,Germany Heavy Fighters,3000.0,341.0,289.0,515.0,143.05555555555554
do_217_n_1,Do 217 N-1,WarThunder_FactChecker2.xlsx,Germany Heavy Fighters,4000.0,471.0,,522.0,145.0
do_217_n_1,Do 217 N-1,WarThunder_FactChecker2.xlsx,Germany Heavy Fighters,5000.0,615.0,,531.0,147.5
do_217_n_1,Do 217 N-1,WarThunder_FactChecker2.xlsx,Germany Heavy Fighters,6000.0,782.0,,533.0,148.05555555555554
do_217_n_2,Do 217 N-2,WarThunder_FactChecker2.xlsx,Germany Heavy Fighters,0.0,0.0,0.0,457.0,126.94444444444444
do_217_n_2,Do 217 N-2,WarThunder_FactChecker2.xlsx,Germany Heavy Fighters,1000.0,113.0,96.0,480.0,133.33333333333334
do_217_n_2,Do 217 N-2,WarThunder_FactChecker2.xlsx,Germany Heavy Fighters,2000.0,223.0,191.0,503.0,139.72222222222223
do_217_n_2,Do 217 N-2,WarThunder_FactChecker2.xlsx,Germany Heavy Fighters,3000.0,343.0,291.0,514.0,142.77777777777777
do_217_n_2,Do 217 N-2,WarThunder_FactChecker2.xlsx,Germany Heavy Fighters,4000.0,474.0,,520.0,144.44444444444443
do_217_n_2,Do 217 N-2,WarThunder_FactChecker2.xlsx,Germany Heavy Fighters,5000.0,618.0,,529.0,146.94444444444443
do_217_n_2,Do 217 N-2,WarThunder_FactChecker2.xlsx,Germany Heavy Fighters,6000.0,787.0,,531.0,147.5
me_410_a_1,Me 410 A-1,WarThunder_FactChecker2.xlsx,Germany Heavy Fighters,0.0,0.0,0.0,518.0,143.88888888888889
me_410_a_1,Me 410 A-1,WarThunder_FactChecker2.xlsx,Germany Heavy Fighters,1000.0,66.0,59.0,540.0,150.0
me_410_a_1,Me 410 A-1,WarThunder_FactChecker2.xlsx,Germany Heavy Fighters,2000.0,132.0,118.0,563.0,156.38888888888889
me_410_a_1,Me 410 A-1,WarThunder_FactChecker2.xlsx,Germany Heavy Fighters,3000.0,198.0,177.0,586.0,162.77777777777777
me_410_a_1,Me 410 A-1,WarThunder_FactChecker2.xlsx,Germany Heavy Fighters,4000.0,270.0,241.0,602.0,167.22222222222223
me_410_a_1,Me 410 A-1,WarThunder_FactChecker2.xlsx,Germany Heavy Fighters,5000.0,348.0,311.0,614.0,170.55555555555554
me_410_a_1,Me 410 A-1,WarThunder_FactChecker2.xlsx,Germany Heavy Fighters,6000.0,436.0,388.0,625.0,173.61111111111111
me_410_a_1_u2,Me 410 A-1/U2,WarThunder_FactChecker2.xlsx,Germany Heavy Fighters,0.0,0.0,0.0,518.0,143.88888888888889
me_410_a_1_u2,Me 410 A-1/U2,WarThunder_FactChecker2.xlsx,Germany Heavy Fighters,1000.0,67.0,59.0,540.0,150.0
me_410_a_1_u2,Me 410 A-1/U2,WarThunder_FactChecker2.xlsx,Germany Heavy Fighters,2000.0,133.0,119.0,562.0,156.11111111111111
me_410_a_1_u2,Me 410 A-1/U2,WarThunder_FactChecker2.xlsx,Germany Heavy Fighters,3000.0,200.0,179.0,585.0,162.5
me_410_a_1_u2,Me 410 A-1/U2,WarThunder_FactChecker2.xlsx,Germany Heavy Fighters,4000.0,272.0,243.0,602.0,167.22222222222223
me_410_a_1_u2,Me 410 A-1/U2,WarThunder_FactChecker2.xlsx,Germany Heavy Fighters,5000.0,352.0,313.0,614.0,170.55555555555554
me_410_a_1_u2,Me 410 A-1/U2,WarThunder_FactChecker2.xlsx,Germany Heavy Fighters,6000.0,440.0,391.0,625.0,173.61111111111111
me_410_a_1_u4,Me 410 A-1/U4,WarThunder_FactChecker2.xlsx,Germany Heavy Fighters,0.0,0.0,0.0,490.0,136.11111111111111
me_410_a_1_u4,Me 410 A-1/U4,WarThunder_FactChecker2.xlsx,Germany Heavy Fighters,1000.0,71.0,63.0,510.0,141.66666666666666
me_410_a_1_u4,Me 410 A-1/U4,WarThunder_FactChecker2.xlsx,Germany Heavy Fighters,2000.0,141.0,125.0,532.0,147.77777777777777
me_410_a_1_u4,Me 410 A-1/U4,WarThunder_FactChecker2.xlsx,Germany Heavy Fighters,3000.0,213.0,189.0,554.0,153.88888888888889
me_410_a_1_u4,Me 410 A-1/U4,WarThunder_FactChecker2.xlsx,Germany Heavy Fighters,4000.0,290.0,258.0,567.0,157.5
me_410_a_1_u4,Me 410 A-1/U4,WarThunder_FactChecker2.xlsx,Germany Heavy Fighters,5000.0,376.0,333.0,579.0,160.83333333333334
me_410_a_1_u4,Me 410 A-1/U4,WarThunder_FactChecker2.xlsx,Germany Heavy Fighters,6000.0,473.0,418.0,589.0,163.61111111111111
me_410_b_1,Me 410 B-1,WarThunder_FactChecker2.xlsx,Germany Heavy Fighters,0.0,0.0,0.0,530.0,147.22222222222223
me_410_b_1,Me 410 B-1,WarThunder_FactChecker2.xlsx,Germany Heavy Fighters,1000.0,70.0,60.0,554.0,153.88888888888889
me_410_b_1,Me 410 B-1,WarThunder_FactChecker2.xlsx,Germany Heavy Fighters,2000.0,138.0,120.0,578.0,160.55555555555554
me_410_b_1,Me 410 B-1,WarThunder_FactChecker2.xlsx,Germany Heavy Fighters,3000.0,207.0,180.0,603.0,167.5
me_410_b_1,Me 410 B-1,WarThunder_FactChecker2.xlsx,Germany Heavy Fighters,4000.0,282.0,246.0,619.0,171.94444444444443
me_410_b_1,Me 410 B-1,WarThunder_FactChecker2.xlsx,Germany Heavy Fighters,5000.0,367.0,319.0,628.0,174.44444444444443
me_410_b_1,Me 410 B-1,WarThunder_FactChecker2.xlsx,Germany Heavy Fighters,6000.0,462.0,401.0,638.0,177.22222222222223
me_410_b_1_u2,Me 410 B-1/U2,WarThunder_FactChecker2.xlsx,Germany Heavy Fighters,0.0,0.0,0.0,530.0,147.22222222222223
me_410_b_1_u2,Me 410 B-1/U2,WarThunder_FactChecker2.xlsx,Germany Heavy Fighters,1000.0,70.0,61.0,554.0,153.88888888888889
me_410_b_1_u2,Me 410 B-1/U2,WarThunder_FactChecker2.xlsx,Germany Heavy Fighters,2000.0,139.0,121.0,578.0,160.55555555555554
me_410_b_1_u2,Me 410 B-1/U2,WarThunder_FactChecker2.xlsx,Germany Heavy Fighters,3000.0,209.0,182.0,602.0,167.22222222222223
me_410_b_1_u2,Me 410 B-1/U2,WarThunder_FactChecker2.xlsx,Germany Heavy Fighters,4000.0,285.0,248.0,618.0,171.66666666666666
me_410_b_1_u2,Me 410 B-1/U2,WarThunder_FactChecker2.xlsx,Germany Heavy Fighters,5000.0,370.0,322.0,626.0,173.88888888888889
me_410_b_1_u2,Me 410 B-1/U2,WarThunder_FactChecker2.xlsx,Germany Heavy Fighters,6000.0,467.0,405.0,637.0,176.94444444444443
me_410_b_2_u4,Me 410 B-2/U4,WarThunder_FactChecker2.xlsx,Germany Heavy Fighters,0.0,0.0,0.0,501.0,139.16666666666666
me_410_b_2_u4,Me 410 B-2/U4,WarThunder_FactChecker2.xlsx,Germany Heavy Fighters,1000.0,78.0,66.0,524.0,145.55555555555554
me_410_b_2_u4,Me 410 B-2/U4,WarThunder_FactChecker2.xlsx,Germany Heavy Fighters,2000.0,154.0,133.0,547.0,151.94444444444443
me_410_b_2_u4,Me 410 B-2/U4,WarThunder_FactChecker2.xlsx,Germany Heavy Fighters,3000.0,232.0,200.0,570.0,158.33333333333334
me_410_b_2_u4,Me 410 B-2/U4,WarThunder_FactChecker2.xlsx,Germany Heavy Fighters,4000.0,317.0,275.0,583.0,161.94444444444443
me_410_b_2_u4,Me 410 B-2/U4,WarThunder_FactChecker2.xlsx,Germany Heavy Fighters,5000.0,414.0,358.0,591.0,164.16666666666666
me_410_b_2_u4,Me 410 B-2/U4,WarThunder_FactChecker2.xlsx,Germany Heavy Fighters,6000.0,526.0,454.0,599.0,166.38888888888889
me_410_b_6_r3,Me 410 B-6/R3,WarThunder_FactChecker2.xlsx,Germany Heavy Fighters,0.0,0.0,0.0,517.0,143.61111111111111
me_410_b_6_r3,Me 410 B-6/R3,WarThunder_FactChecker2.xlsx,Germany Heavy Fighters,1000.0,73.0,63.0,540.0,150.0
me_410_b_6_r3,Me 410 B-6/R3,WarThunder_FactChecker2.xlsx,Germany Heavy Fighters,2000.0,145.0,126.0,564.0,156.66666666666666
me_410_b_6_r3,Me 410 B-6/R3,WarThunder_FactChecker2.xlsx,Germany Heavy Fighters,3000.0,218.0,190.0,588.0,163.33333333333334
me_410_b_6_r3,Me 410 B-6/R3,WarThunder_FactChecker2.xlsx,Germany Heavy Fighters,4000.0,298.0,260.0,602.0,167.22222222222223
me_410_b_6_r3,Me 410 B-6/R3,WarThunder_FactChecker2.xlsx,Germany Heavy Fighters,5000.0,388.0,338.0,612.0,170.0
me_410_b_6_r3,Me 410 B-6/R3,WarThunder_FactChecker2.xlsx,Germany Heavy Fighters,6000.0,491.0,426.0,620.0,172.22222222222223
do_335_a_0,Do 335 A-0,WarThunder_FactChecker2.xlsx,Germany Heavy Fighters,0.0,0.0,0.0,619.0,171.94444444444443
do_335_a_0,Do 335 A-0,WarThunder_FactChecker2.xlsx,Germany Heavy Fighters,1000.0,61.0,51.0,644.0,178.88888888888889
do_335_a_0,Do 335 A-0,WarThunder_FactChecker2.xlsx,Germany Heavy Fighters,2000.0,121.0,101.0,670.0,186.11111111111111
do_335_a_0,Do 335 A-0,WarThunder_FactChecker2.xlsx,Germany Heavy Fighters,3000.0,182.0,152.0,696.0,193.33333333333331
do_335_a_0,Do 335 A-0,WarThunder_FactChecker2.xlsx,Germany Heavy Fighters,4000.0,248.0,206.0,715.0,198.61111111111111
do_335_a_0,Do 335 A-0,WarThunder_FactChecker2.xlsx,Germany Heavy Fighters,5000.0,317.0,263.0,730.0,202.77777777777777
do_335_a_0,Do 335 A-0,WarThunder_FactChecker2.xlsx,Germany Heavy Fighters,6000.0,391.0,324.0,746.0,207.22222222222223
do_335_a_1,Do 335 A-1,WarThunder_FactChecker2.xlsx,Germany Heavy Fighters,0.0,0.0,0.0,613.0,170.27777777777777
do_335_a_1,Do 335 A-1,WarThunder_FactChecker2.xlsx,Germany Heavy Fighters,1000.0,59.0,51.0,638.0,177.22222222222223
do_335_a_1,Do 335 A-1,WarThunder_FactChecker2.xlsx,Germany Heavy Fighters,2000.0,118.0,101.0,664.0,184.44444444444443
do_335_a_1,Do 335 A-1,WarThunder_FactChecker2.xlsx,Germany Heavy Fighters,3000.0,177.0,152.0,690.0,191.66666666666666
do_335_a_1,Do 335 A-1,WarThunder_FactChecker2.xlsx,Germany Heavy Fighters,4000.0,240.0,206.0,711.0,197.5
do_335_a_1,Do 335 A-1,WarThunder_FactChecker2.xlsx,Germany Heavy Fighters,5000.0,305.0,262.0,727.0,201.94444444444443
do_335_a_1,Do 335 A-1,WarThunder_FactChecker2.xlsx,Germany Heavy Fighters,6000.0,374.0,321.0,745.0,206.94444444444443
flegel_s_bf_109_a,Flegel's Bf 109 A,WarThunder_FactChecker2.xlsx,Germany National Premiums,0.0,0.0,0.0,417.0,115.83333333333333
flegel_s_bf_109_a,Flegel's Bf 109 A,WarThunder_FactChecker2.xlsx,Germany National Premiums,1000.0,90.0,77.0,431.0,119.72222222222221
flegel_s_bf_109_a,Flegel's Bf 109 A,WarThunder_FactChecker2.xlsx,Germany National Premiums,2000.0,178.0,161.0,434.0,120.55555555555556
flegel_s_bf_109_a,Flegel's Bf 109 A,WarThunder_FactChecker2.xlsx,Germany National Premiums,3000.0,277.0,249.0,441.0,122.5
flegel_s_bf_109_a,Flegel's Bf 109 A,WarThunder_FactChecker2.xlsx,Germany National Premiums,4000.0,376.0,343.0,446.0,123.88888888888889
flegel_s_bf_109_a,Flegel's Bf 109 A,WarThunder_FactChecker2.xlsx,Germany National Premiums,5000.0,497.0,460.0,438.0,121.66666666666666
flegel_s_bf_109_a,Flegel's Bf 109 A,WarThunder_FactChecker2.xlsx,Germany National Premiums,6000.0,656.0,612.0,428.0,118.88888888888889
he_112_b_1_u2,He 112 B-1/U2,WarThunder_FactChecker2.xlsx,Germany National Premiums,0.0,0.0,0.0,474.0,131.66666666666666
he_112_b_1_u2,He 112 B-1/U2,WarThunder_FactChecker2.xlsx,Germany National Premiums,1000.0,73.0,64.0,493.0,136.94444444444443
he_112_b_1_u2,He 112 B-1/U2,WarThunder_FactChecker2.xlsx,Germany National Premiums,2000.0,148.0,132.0,504.0,140.0
he_112_b_1_u2,He 112 B-1/U2,WarThunder_FactChecker2.xlsx,Germany National Premiums,3000.0,230.0,202.0,513.0,142.5
he_112_b_1_u2,He 112 B-1/U2,WarThunder_FactChecker2.xlsx,Germany National Premiums,4000.0,315.0,281.0,521.0,144.72222222222223
he_112_b_1_u2,He 112 B-1/U2,WarThunder_FactChecker2.xlsx,Germany National Premiums,5000.0,419.0,377.0,509.0,141.38888888888889
he_112_b_1_u2,He 112 B-1/U2,WarThunder_FactChecker2.xlsx,Germany National Premiums,6000.0,550.0,498.0,502.0,139.44444444444443
he_112_b_2_u2,He 112 B-2/U2,WarThunder_FactChecker2.xlsx,Germany National Premiums,0.0,0.0,0.0,473.0,131.38888888888889
he_112_b_2_u2,He 112 B-2/U2,WarThunder_FactChecker2.xlsx,Germany National Premiums,1000.0,75.0,65.0,492.0,136.66666666666666
he_112_b_2_u2,He 112 B-2/U2,WarThunder_FactChecker2.xlsx,Germany National Premiums,2000.0,152.0,135.0,504.0,140.0
he_112_b_2_u2,He 112 B-2/U2,WarThunder_FactChecker2.xlsx,Germany National Premiums,3000.0,237.0,209.0,506.0,140.55555555555554
he_112_b_2_u2,He 112 B-2/U2,WarThunder_FactChecker2.xlsx,Germany National Premiums,4000.0,322.0,288.0,524.0,145.55555555555554
he_112_b_2_u2,He 112 B-2/U2,WarThunder_FactChecker2.xlsx,Germany National Premiums,5000.0,427.0,384.0,515.0,143.05555555555554
he_112_b_2_u2,He 112 B-2/U2,WarThunder_FactChecker2.xlsx,Germany National Premiums,6000.0,563.0,507.0,503.0,139.72222222222223
bf_109_e_7_u_2,Bf 109 E-7/U-2,WarThunder_FactChecker2.xlsx,Germany National Premiums,0.0,0.0,0.0,496.0,137.77777777777777
bf_109_e_7_u_2,Bf 109 E-7/U-2,WarThunder_FactChecker2.xlsx,Germany National Premiums,1000.0,51.0,45.0,524.0,145.55555555555554
bf_109_e_7_u_2,Bf 109 E-7/U-2,WarThunder_FactChecker2.xlsx,Germany National Premiums,2000.0,100.0,89.0,546.0,151.66666666666666
bf_109_e_7_u_2,Bf 109 E-7/U-2,WarThunder_FactChecker2.xlsx,Germany National Premiums,3000.0,151.0,135.0,561.0,155.83333333333334
bf_109_e_7_u_2,Bf 109 E-7/U-2,WarThunder_FactChecker2.xlsx,Germany National Premiums,4000.0,204.0,182.0,578.0,160.55555555555554
bf_109_e_7_u_2,Bf 109 E-7/U-2,WarThunder_FactChecker2.xlsx,Germany National Premiums,5000.0,263.0,237.0,573.0,159.16666666666666
bf_109_e_7_u_2,Bf 109 E-7/U-2,WarThunder_FactChecker2.xlsx,Germany National Premiums,6000.0,336.0,304.0,565.0,156.94444444444443
ta_154_a_1,Ta 154 A-1,WarThunder_FactChecker2.xlsx,Germany National Premiums,0.0,0.0,0.0,543.0,150.83333333333334
ta_154_a_1,Ta 154 A-1,WarThunder_FactChecker2.xlsx,Germany National Premiums,1000.0,67.0,55.0,565.0,156.94444444444443
ta_154_a_1,Ta 154 A-1,WarThunder_FactChecker2.xlsx,Germany National Premiums,2000.0,134.0,109.0,587.0,163.05555555555554
ta_154_a_1,Ta 154 A-1,WarThunder_FactChecker2.xlsx,Germany National Premiums,3000.0,203.0,165.0,610.0,169.44444444444443
ta_154_a_1,Ta 154 A-1,WarThunder_FactChecker2.xlsx,Germany National Premiums,4000.0,285.0,229.0,613.0,170.27777777777777
ta_154_a_1,Ta 154 A-1,WarThunder_FactChecker2.xlsx,Germany National Premiums,5000.0,368.0,295.0,614.0,170.55555555555554
ta_154_a_1,Ta 154 A-1,WarThunder_FactChecker2.xlsx,Germany National Premiums,6000.0,450.0,361.0,638.0,177.22222222222223
fw_190_d_13,Fw 190 D-13,WarThunder_FactChecker2.xlsx,Germany National Premiums,0.0,0.0,0.0,604.0,167.77777777777777
fw_190_d_13,Fw 190 D-13,WarThunder_FactChecker2.xlsx,Germany National Premiums,1000.0,55.0,45.0,624.0,173.33333333333334
fw_190_d_13,Fw 190 D-13,WarThunder_FactChecker2.xlsx,Germany National Premiums,2000.0,110.0,91.0,645.0,179.16666666666666
fw_190_d_13,Fw 190 D-13,WarThunder_FactChecker2.xlsx,Germany National Premiums,3000.0,166.0,141.0,664.0,184.44444444444443
fw_190_d_13,Fw 190 D-13,WarThunder_FactChecker2.xlsx,Germany National Premiums,4000.0,227.0,193.0,669.0,185.83333333333334
fw_190_d_13,Fw 190 D-13,WarThunder_FactChecker2.xlsx,Germany National Premiums,5000.0,293.0,246.0,687.0,190.83333333333334
fw_190_d_13,Fw 190 D-13,WarThunder_FactChecker2.xlsx,Germany National Premiums,6000.0,361.0,301.0,707.0,196.38888888888889
he_219_a_7,He 219 A-7,WarThunder_FactChecker2.xlsx,Germany National Premiums,0.0,0.0,0.0,497.0,138.05555555555554
he_219_a_7,He 219 A-7,WarThunder_FactChecker2.xlsx,Germany National Premiums,1000.0,90.0,78.0,520.0,144.44444444444443
he_219_a_7,He 219 A-7,WarThunder_FactChecker2.xlsx,Germany National Premiums,2000.0,178.0,154.0,543.0,150.83333333333334
he_219_a_7,He 219 A-7,WarThunder_FactChecker2.xlsx,Germany National Premiums,3000.0,265.0,229.0,566.0,157.22222222222223
he_219_a_7,He 219 A-7,WarThunder_FactChecker2.xlsx,Germany National Premiums,4000.0,358.0,310.0,577.0,160.27777777777777
he_219_a_7,He 219 A-7,WarThunder_FactChecker2.xlsx,Germany National Premiums,5000.0,457.0,396.0,588.0,163.33333333333334
he_219_a_7,He 219 A-7,WarThunder_FactChecker2.xlsx,Germany National Premiums,6000.0,565.0,489.0,600.0,166.66666666666666
do_335_b_2,Do 335 B-2,WarThunder_FactChecker2.xlsx,Germany National Premiums,0.0,0.0,0.0,640.0,177.77777777777777
do_335_b_2,Do 335 B-2,WarThunder_FactChecker2.xlsx,Germany National Premiums,1000.0,75.0,47.0,667.0,185.27777777777777
do_335_b_2,Do 335 B-2,WarThunder_FactChecker2.xlsx,Germany National Premiums,2000.0,150.0,93.0,696.0,193.33333333333331
do_335_b_2,Do 335 B-2,WarThunder_FactChecker2.xlsx,Germany National Premiums,3000.0,229.0,142.0,720.0,200.0
do_335_b_2,Do 335 B-2,WarThunder_FactChecker2.xlsx,Germany National Premiums,4000.0,313.0,193.0,737.0,204.72222222222223
do_335_b_2,Do 335 B-2,WarThunder_FactChecker2.xlsx,Germany National Premiums,5000.0,402.0,246.0,753.0,209.16666666666666
do_335_b_2,Do 335 B-2,WarThunder_FactChecker2.xlsx,Germany National Premiums,6000.0,498.0,302.0,771.0,214.16666666666666
yak_1b,Yak-1B,WarThunder_FactChecker2.xlsx,Germany Foreign Premiums,0.0,0.0,,530.0,147.22222222222223
yak_1b,Yak-1B,WarThunder_FactChecker2.xlsx,Germany Foreign Premiums,1000.0,49.0,,557.0,154.72222222222223
yak_1b,Yak-1B,WarThunder_FactChecker2.xlsx,Germany Foreign Premiums,2000.0,101.0,,577.0,160.27777777777777
yak_1b,Yak-1B,WarThunder_FactChecker2.xlsx,Germany Foreign Premiums,3000.0,156.0,,576.0,160.0
yak_1b,Yak-1B,WarThunder_FactChecker2.xlsx,Germany Foreign Premiums,4000.0,214.0,,605.0,168.05555555555554
yak_1b,Yak-1B,WarThunder_FactChecker2.xlsx,Germany Foreign Premiums,5000.0,282.0,,598.0,166.11111111111111
yak_1b,Yak-1B,WarThunder_FactChecker2.xlsx,Germany Foreign Premiums,6000.0,365.0,,590.0,163.88888888888889
p_47d,P-47D,WarThunder_FactChecker2.xlsx,Germany Foreign Premiums,0.0,0.0,0.0,560.0,155.55555555555554
p_47d,P-47D,WarThunder_FactChecker2.xlsx,Germany Foreign Premiums,1000.0,70.0,59.0,577.0,160.27777777777777
p_47d,P-47D,WarThunder_FactChecker2.xlsx,Germany Foreign Premiums,2000.0,142.0,118.0,594.0,165.0
p_47d,P-47D,WarThunder_FactChecker2.xlsx,Germany Foreign Premiums,3000.0,215.0,178.0,612.0,170.0
p_47d,P-47D,WarThunder_FactChecker2.xlsx,Germany Foreign Premiums,4000.0,289.0,240.0,631.0,175.27777777777777
p_47d,P-47D,WarThunder_FactChecker2.xlsx,Germany Foreign Premiums,5000.0,365.0,302.0,651.0,180.83333333333334
p_47d,P-47D,WarThunder_FactChecker2.xlsx,Germany Foreign Premiums,6000.0,443.0,367.0,669.0,185.83333333333334
la_5fn,La-5FN,WarThunder_FactChecker2.xlsx,Germany Foreign Premiums,0.0,0.0,0.0,561.0,155.83333333333334
la_5fn,La-5FN,WarThunder_FactChecker2.xlsx,Germany Foreign Premiums,1000.0,48.0,41.0,584.0,162.22222222222223
la_5fn,La-5FN,WarThunder_FactChecker2.xlsx,Germany Foreign Premiums,2000.0,97.0,87.0,600.0,166.66666666666666
la_5fn,La-5FN,WarThunder_FactChecker2.xlsx,Germany Foreign Premiums,3000.0,151.0,139.0,599.0,166.38888888888889
la_5fn,La-5FN,WarThunder_FactChecker2.xlsx,Germany Foreign Premiums,4000.0,213.0,200.0,592.0,164.44444444444443
la_5fn,La-5FN,WarThunder_FactChecker2.xlsx,Germany Foreign Premiums,5000.0,278.0,265.0,601.0,166.94444444444443
la_5fn,La-5FN,WarThunder_FactChecker2.xlsx,Germany Foreign Premiums,6000.0,353.0,339.0,621.0,172.5
tempest_mk_v,Tempest Mk V,WarThunder_FactChecker2.xlsx,Germany Foreign Premiums,0.0,0.0,0.0,605.0,168.05555555555554
tempest_mk_v,Tempest Mk V,WarThunder_FactChecker2.xlsx,Germany Foreign Premiums,1000.0,53.0,48.0,630.0,175.0
tempest_mk_v,Tempest Mk V,WarThunder_FactChecker2.xlsx,Germany Foreign Premiums,2000.0,106.0,98.0,651.0,180.83333333333334
tempest_mk_v,Tempest Mk V,WarThunder_FactChecker2.xlsx,Germany Foreign Premiums,3000.0,166.0,157.0,646.0,179.44444444444443
tempest_mk_v,Tempest Mk V,WarThunder_FactChecker2.xlsx,Germany Foreign Premiums,4000.0,233.0,217.0,654.0,181.66666666666666
tempest_mk_v,Tempest Mk V,WarThunder_FactChecker2.xlsx,Germany Foreign Premiums,5000.0,301.0,279.0,679.0,188.61111111111111
tempest_mk_v,Tempest Mk V,WarThunder_FactChecker2.xlsx,Germany Foreign Premiums,6000.0,374.0,350.0,692.0,192.22222222222223
yak_1,Yak -1,WarThunder_FactChecker2.xlsx,Yakovlev Design Bureau,0.0,0.0,0.0,512.0,142.22222222222223
yak_1,Yak -1,WarThunder_FactChecker2.xlsx,Yakovlev Design Bureau,1000.0,62.0,57.0,532.0,147.77777777777777
yak_1,Yak -1,WarThunder_FactChecker2.xlsx,Yakovlev Design Bureau,2000.0,124.0,113.0,554.0,153.88888888888889
yak_1,Yak -1,WarThunder_FactChecker2.xlsx,Yakovlev Design Bureau,3000.0,187.0,175.0,561.0,155.83333333333334
yak_1,Yak -1,WarThunder_FactChecker2.xlsx,Yakovlev Design Bureau,4000.0,258.0,245.0,554.0,153.88888888888889
yak_1,Yak -1,WarThunder_FactChecker2.xlsx,Yakovlev Design Bureau,5000.0,331.0,319.0,575.0,159.72222222222223
yak_1,Yak -1,WarThunder_FactChecker2.xlsx,Yakovlev Design Bureau,6000.0,419.0,407.0,563.0,156.38888888888889
yak_7b,Yak-7B,WarThunder_FactChecker2.xlsx,Yakovlev Design Bureau,0.0,0.0,,515.0,143.05555555555554
yak_7b,Yak-7B,WarThunder_FactChecker2.xlsx,Yakovlev Design Bureau,1000.0,54.0,,541.0,150.27777777777777
yak_7b,Yak-7B,WarThunder_FactChecker2.xlsx,Yakovlev Design Bureau,2000.0,111.0,,553.0,153.61111111111111
yak_7b,Yak-7B,WarThunder_FactChecker2.xlsx,Yakovlev Design Bureau,3000.0,172.0,,560.0,155.55555555555554
yak_7b,Yak-7B,WarThunder_FactChecker2.xlsx,Yakovlev Design Bureau,4000.0,236.0,,580.0,161.11111111111111
yak_7b,Yak-7B,WarThunder_FactChecker2.xlsx,Yakovlev Design Bureau,5000.0,312.0,,571.0,158.61111111111111
yak_7b,Yak-7B,WarThunder_FactChecker2.xlsx,Yakovlev Design Bureau,6000.0,404.0,,563.0,156.38888888888889
yak_1b,Yak-1B,WarThunder_FactChecker2.xlsx,Yakovlev Design Bureau,0.0,0.0,,530.0,147.22222222222223
yak_1b,Yak-1B,WarThunder_FactChecker2.xlsx,Yakovlev Design Bureau,1000.0,49.0,,557.0,154.72222222222223
yak_1b,Yak-1B,WarThunder_FactChecker2.xlsx,Yakovlev Design Bureau,2000.0,101.0,,577.0,160.27777777777777
yak_1b,Yak-1B,WarThunder_FactChecker2.xlsx,Yakovlev Design Bureau,3000.0,156.0,,576.0,160.0
yak_1b,Yak-1B,WarThunder_FactChecker2.xlsx,Yakovlev Design Bureau,4000.0,214.0,,605.0,168.05555555555554
yak_1b,Yak-1B,WarThunder_FactChecker2.xlsx,Yakovlev Design Bureau,5000.0,282.0,,598.0,166.11111111111111
yak_1b,Yak-1B,WarThunder_FactChecker2.xlsx,Yakovlev Design Bureau,6000.0,365.0,,590.0,163.88888888888889
yak_9,Yak-9,WarThunder_FactChecker2.xlsx,Yakovlev Design Bureau,0.0,0.0,,516.0,143.33333333333334
yak_9,Yak-9,WarThunder_FactChecker2.xlsx,Yakovlev Design Bureau,1000.0,49.0,,542.0,150.55555555555554
yak_9,Yak-9,WarThunder_FactChecker2.xlsx,Yakovlev Design Bureau,2000.0,103.0,,554.0,153.88888888888889
yak_9,Yak-9,WarThunder_FactChecker2.xlsx,Yakovlev Design Bureau,3000.0,159.0,,561.0,155.83333333333334
yak_9,Yak-9,WarThunder_FactChecker2.xlsx,Yakovlev Design Bureau,4000.0,219.0,,582.0,161.66666666666666
yak_9,Yak-9,WarThunder_FactChecker2.xlsx,Yakovlev Design Bureau,5000.0,288.0,,575.0,159.72222222222223
yak_9,Yak-9,WarThunder_FactChecker2.xlsx,Yakovlev Design Bureau,6000.0,373.0,,564.0,156.66666666666666
yak_9b,Yak-9B,WarThunder_FactChecker2.xlsx,Yakovlev Design Bureau,0.0,0.0,,533.0,148.05555555555554
yak_9b,Yak-9B,WarThunder_FactChecker2.xlsx,Yakovlev Design Bureau,1000.0,54.0,,560.0,155.55555555555554
yak_9b,Yak-9B,WarThunder_FactChecker2.xlsx,Yakovlev Design Bureau,2000.0,112.0,,565.0,156.94444444444443
yak_9b,Yak-9B,WarThunder_FactChecker2.xlsx,Yakovlev Design Bureau,3000.0,173.0,,579.0,160.83333333333334
yak_9b,Yak-9B,WarThunder_FactChecker2.xlsx,Yakovlev Design Bureau,4000.0,238.0,,593.0,164.72222222222223
yak_9b,Yak-9B,WarThunder_FactChecker2.xlsx,Yakovlev Design Bureau,5000.0,314.0,,587.0,163.05555555555554
yak_9b,Yak-9B,WarThunder_FactChecker2.xlsx,Yakovlev Design Bureau,6000.0,408.0,,573.0,159.16666666666666
yak_9t,Yak-9T,WarThunder_FactChecker2.xlsx,Yakovlev Design Bureau,0.0,0.0,,531.0,147.5
yak_9t,Yak-9T,WarThunder_FactChecker2.xlsx,Yakovlev Design Bureau,1000.0,54.0,,559.0,155.27777777777777
yak_9t,Yak-9T,WarThunder_FactChecker2.xlsx,Yakovlev Design Bureau,2000.0,112.0,,572.0,158.88888888888889
yak_9t,Yak-9T,WarThunder_FactChecker2.xlsx,Yakovlev Design Bureau,3000.0,173.0,,577.0,160.27777777777777
yak_9t,Yak-9T,WarThunder_FactChecker2.xlsx,Yakovlev Design Bureau,4000.0,238.0,,600.0,166.66666666666666
yak_9t,Yak-9T,WarThunder_FactChecker2.xlsx,Yakovlev Design Bureau,5000.0,315.0,,592.0,164.44444444444443
yak_9t,Yak-9T,WarThunder_FactChecker2.xlsx,Yakovlev Design Bureau,6000.0,408.0,,582.0,161.66666666666666
yak_9k,Yak-9K,WarThunder_FactChecker2.xlsx,Yakovlev Design Bureau,0.0,0.0,,516.0,143.33333333333334
yak_9k,Yak-9K,WarThunder_FactChecker2.xlsx,Yakovlev Design Bureau,1000.0,55.0,,543.0,150.83333333333334
yak_9k,Yak-9K,WarThunder_FactChecker2.xlsx,Yakovlev Design Bureau,2000.0,114.0,,554.0,153.88888888888889
yak_9k,Yak-9K,WarThunder_FactChecker2.xlsx,Yakovlev Design Bureau,3000.0,176.0,,561.0,155.83333333333334
yak_9k,Yak-9K,WarThunder_FactChecker2.xlsx,Yakovlev Design Bureau,4000.0,242.0,,582.0,161.66666666666666
yak_9k,Yak-9K,WarThunder_FactChecker2.xlsx,Yakovlev Design Bureau,5000.0,321.0,,573.0,159.16666666666666
yak_9k,Yak-9K,WarThunder_FactChecker2.xlsx,Yakovlev Design Bureau,6000.0,417.0,,563.0,156.38888888888889
yak_3,Yak-3,WarThunder_FactChecker2.xlsx,Yakovlev Design Bureau,0.0,0.0,,567.0,157.5
yak_3,Yak-3,WarThunder_FactChecker2.xlsx,Yakovlev Design Bureau,1000.0,44.0,,595.0,165.27777777777777
yak_3,Yak-3,WarThunder_FactChecker2.xlsx,Yakovlev Design Bureau,2000.0,94.0,,612.0,170.0
yak_3,Yak-3,WarThunder_FactChecker2.xlsx,Yakovlev Design Bureau,3000.0,143.0,,615.0,170.83333333333334
yak_3,Yak-3,WarThunder_FactChecker2.xlsx,Yakovlev Design Bureau,4000.0,196.0,,647.0,179.72222222222223
yak_3,Yak-3,WarThunder_FactChecker2.xlsx,Yakovlev Design Bureau,5000.0,259.0,,642.0,178.33333333333334
yak_3,Yak-3,WarThunder_FactChecker2.xlsx,Yakovlev Design Bureau,6000.0,336.0,,632.0,175.55555555555554
yak_3p,Yak-3P,WarThunder_FactChecker2.xlsx,Yakovlev Design Bureau,0.0,0.0,,562.0,156.11111111111111
yak_3p,Yak-3P,WarThunder_FactChecker2.xlsx,Yakovlev Design Bureau,1000.0,45.0,,589.0,163.61111111111111
yak_3p,Yak-3P,WarThunder_FactChecker2.xlsx,Yakovlev Design Bureau,2000.0,95.0,,604.0,167.77777777777777
yak_3p,Yak-3P,WarThunder_FactChecker2.xlsx,Yakovlev Design Bureau,3000.0,144.0,,609.0,169.16666666666666
yak_3p,Yak-3P,WarThunder_FactChecker2.xlsx,Yakovlev Design Bureau,4000.0,198.0,,640.0,177.77777777777777
yak_3p,Yak-3P,WarThunder_FactChecker2.xlsx,Yakovlev Design Bureau,5000.0,262.0,,636.0,176.66666666666666
yak_3p,Yak-3P,WarThunder_FactChecker2.xlsx,Yakovlev Design Bureau,6000.0,340.0,,624.0,173.33333333333334
yak_9u,Yak-9U,WarThunder_FactChecker2.xlsx,Yakovlev Design Bureau,0.0,0.0,0.0,594.0,165.0
yak_9u,Yak-9U,WarThunder_FactChecker2.xlsx,Yakovlev Design Bureau,1000.0,45.0,43.0,620.0,172.22222222222223
yak_9u,Yak-9U,WarThunder_FactChecker2.xlsx,Yakovlev Design Bureau,2000.0,90.0,85.0,645.0,179.16666666666666
yak_9u,Yak-9U,WarThunder_FactChecker2.xlsx,Yakovlev Design Bureau,3000.0,139.0,133.0,639.0,177.5
yak_9u,Yak-9U,WarThunder_FactChecker2.xlsx,Yakovlev Design Bureau,4000.0,190.0,181.0,663.0,184.16666666666666
yak_9u,Yak-9U,WarThunder_FactChecker2.xlsx,Yakovlev Design Bureau,5000.0,242.0,232.0,677.0,188.05555555555554
yak_9u,Yak-9U,WarThunder_FactChecker2.xlsx,Yakovlev Design Bureau,6000.0,304.0,294.0,658.0,182.77777777777777
yak_9p,Yak-9P,WarThunder_FactChecker2.xlsx,Yakovlev Design Bureau,0.0,0.0,0.0,598.0,166.11111111111111
yak_9p,Yak-9P,WarThunder_FactChecker2.xlsx,Yakovlev Design Bureau,1000.0,49.0,46.0,622.0,172.77777777777777
yak_9p,Yak-9P,WarThunder_FactChecker2.xlsx,Yakovlev Design Bureau,2000.0,97.0,92.0,647.0,179.72222222222223
yak_9p,Yak-9P,WarThunder_FactChecker2.xlsx,Yakovlev Design Bureau,3000.0,150.0,144.0,640.0,177.77777777777777
yak_9p,Yak-9P,WarThunder_FactChecker2.xlsx,Yakovlev Design Bureau,4000.0,206.0,196.0,662.0,183.88888888888889
yak_9p,Yak-9P,WarThunder_FactChecker2.xlsx,Yakovlev Design Bureau,5000.0,263.0,251.0,675.0,187.5
yak_9p,Yak-9P,WarThunder_FactChecker2.xlsx,Yakovlev Design Bureau,6000.0,331.0,320.0,655.0,181.94444444444443
yak_9ut,Yak-9UT,WarThunder_FactChecker2.xlsx,Yakovlev Design Bureau,0.0,0.0,0.0,597.0,165.83333333333334
yak_9ut,Yak-9UT,WarThunder_FactChecker2.xlsx,Yakovlev Design Bureau,1000.0,46.0,44.0,622.0,172.77777777777777
yak_9ut,Yak-9UT,WarThunder_FactChecker2.xlsx,Yakovlev Design Bureau,2000.0,92.0,87.0,648.0,180.0
yak_9ut,Yak-9UT,WarThunder_FactChecker2.xlsx,Yakovlev Design Bureau,3000.0,142.0,136.0,642.0,178.33333333333334
yak_9ut,Yak-9UT,WarThunder_FactChecker2.xlsx,Yakovlev Design Bureau,4000.0,194.0,185.0,666.0,185.0
yak_9ut,Yak-9UT,WarThunder_FactChecker2.xlsx,Yakovlev Design Bureau,5000.0,248.0,237.0,680.0,188.88888888888889
yak_9ut,Yak-9UT,WarThunder_FactChecker2.xlsx,Yakovlev Design Bureau,6000.0,311.0,301.0,661.0,183.61111111111111
i_153_m_62,I-153 M-62,WarThunder_FactChecker2.xlsx,Polikarpov Design Bureau,0.0,0.0,0.0,410.0,113.88888888888889
i_153_m_62,I-153 M-62,WarThunder_FactChecker2.xlsx,Polikarpov Design Bureau,1000.0,59.0,48.0,424.0,117.77777777777777
i_153_m_62,I-153 M-62,WarThunder_FactChecker2.xlsx,Polikarpov Design Bureau,2000.0,117.0,99.0,433.0,120.27777777777777
i_153_m_62,I-153 M-62,WarThunder_FactChecker2.xlsx,Polikarpov Design Bureau,3000.0,180.0,150.0,453.0,125.83333333333333
i_153_m_62,I-153 M-62,WarThunder_FactChecker2.xlsx,Polikarpov Design Bureau,4000.0,244.0,,465.0,129.16666666666666
i_153_m_62,I-153 M-62,WarThunder_FactChecker2.xlsx,Polikarpov Design Bureau,5000.0,311.0,,457.0,126.94444444444444
i_153_m_62,I-153 M-62,WarThunder_FactChecker2.xlsx,Polikarpov Design Bureau,6000.0,390.0,,449.0,124.72222222222221
i_16_type_5,I-16 type 5,WarThunder_FactChecker2.xlsx,Polikarpov Design Bureau,0.0,0.0,0.0,415.0,115.27777777777777
i_16_type_5,I-16 type 5,WarThunder_FactChecker2.xlsx,Polikarpov Design Bureau,1000.0,60.0,54.0,438.0,121.66666666666666
i_16_type_5,I-16 type 5,WarThunder_FactChecker2.xlsx,Polikarpov Design Bureau,2000.0,120.0,110.0,460.0,127.77777777777777
i_16_type_5,I-16 type 5,WarThunder_FactChecker2.xlsx,Polikarpov Design Bureau,3000.0,187.0,172.0,460.0,127.77777777777777
i_16_type_5,I-16 type 5,WarThunder_FactChecker2.xlsx,Polikarpov Design Bureau,4000.0,269.0,249.0,453.0,125.83333333333333
i_16_type_5,I-16 type 5,WarThunder_FactChecker2.xlsx,Polikarpov Design Bureau,5000.0,375.0,347.0,445.0,123.61111111111111
i_16_type_5,I-16 type 5,WarThunder_FactChecker2.xlsx,Polikarpov Design Bureau,6000.0,516.0,475.0,438.0,121.66666666666666
i_16_type_10,I-16 type 10,WarThunder_FactChecker2.xlsx,Polikarpov Design Bureau,0.0,0.0,0.0,421.0,116.94444444444444
i_16_type_10,I-16 type 10,WarThunder_FactChecker2.xlsx,Polikarpov Design Bureau,1000.0,65.0,56.0,441.0,122.5
i_16_type_10,I-16 type 10,WarThunder_FactChecker2.xlsx,Polikarpov Design Bureau,2000.0,128.0,117.0,459.0,127.5
i_16_type_10,I-16 type 10,WarThunder_FactChecker2.xlsx,Polikarpov Design Bureau,3000.0,200.0,188.0,465.0,129.16666666666666
i_16_type_10,I-16 type 10,WarThunder_FactChecker2.xlsx,Polikarpov Design Bureau,4000.0,287.0,274.0,458.0,127.22222222222221
i_16_type_10,I-16 type 10,WarThunder_FactChecker2.xlsx,Polikarpov Design Bureau,5000.0,399.0,385.0,450.0,125.0
i_16_type_10,I-16 type 10,WarThunder_FactChecker2.xlsx,Polikarpov Design Bureau,6000.0,547.0,530.0,441.0,122.5
i_16_type_18,I-16 type 18,WarThunder_FactChecker2.xlsx,Polikarpov Design Bureau,0.0,0.0,0.0,448.0,124.44444444444444
i_16_type_18,I-16 type 18,WarThunder_FactChecker2.xlsx,Polikarpov Design Bureau,1000.0,53.0,44.0,453.0,125.83333333333333
i_16_type_18,I-16 type 18,WarThunder_FactChecker2.xlsx,Polikarpov Design Bureau,2000.0,108.0,93.0,459.0,127.5
i_16_type_18,I-16 type 18,WarThunder_FactChecker2.xlsx,Polikarpov Design Bureau,3000.0,169.0,143.0,479.0,133.05555555555554
i_16_type_18,I-16 type 18,WarThunder_FactChecker2.xlsx,Polikarpov Design Bureau,4000.0,230.0,,478.0,132.77777777777777
i_16_type_18,I-16 type 18,WarThunder_FactChecker2.xlsx,Polikarpov Design Bureau,5000.0,297.0,,467.0,129.72222222222223
i_16_type_18,I-16 type 18,WarThunder_FactChecker2.xlsx,Polikarpov Design Bureau,6000.0,379.0,,455.0,126.38888888888889
i_16_type_24,I-16 type 24,WarThunder_FactChecker2.xlsx,Polikarpov Design Bureau,0.0,0.0,0.0,462.0,128.33333333333334
i_16_type_24,I-16 type 24,WarThunder_FactChecker2.xlsx,Polikarpov Design Bureau,1000.0,54.0,45.0,482.0,133.88888888888889
i_16_type_24,I-16 type 24,WarThunder_FactChecker2.xlsx,Polikarpov Design Bureau,2000.0,107.0,91.0,486.0,135.0
i_16_type_24,I-16 type 24,WarThunder_FactChecker2.xlsx,Polikarpov Design Bureau,3000.0,165.0,144.0,490.0,136.11111111111111
i_16_type_24,I-16 type 24,WarThunder_FactChecker2.xlsx,Polikarpov Design Bureau,4000.0,229.0,,508.0,141.11111111111111
i_16_type_24,I-16 type 24,WarThunder_FactChecker2.xlsx,Polikarpov Design Bureau,5000.0,295.0,,509.0,141.38888888888889
i_16_type_24,I-16 type 24,WarThunder_FactChecker2.xlsx,Polikarpov Design Bureau,6000.0,371.0,,506.0,140.55555555555554
mig_3_15,MiG-3-15,WarThunder_FactChecker2.xlsx,Polikarpov Design Bureau,0.0,0.0,0.0,511.0,141.94444444444443
mig_3_15,MiG-3-15,WarThunder_FactChecker2.xlsx,Polikarpov Design Bureau,1000.0,72.0,58.0,530.0,147.22222222222223
mig_3_15,MiG-3-15,WarThunder_FactChecker2.xlsx,Polikarpov Design Bureau,2000.0,144.0,115.0,551.0,153.05555555555554
mig_3_15,MiG-3-15,WarThunder_FactChecker2.xlsx,Polikarpov Design Bureau,3000.0,215.0,173.0,572.0,158.88888888888889
mig_3_15,MiG-3-15,WarThunder_FactChecker2.xlsx,Polikarpov Design Bureau,4000.0,288.0,233.0,592.0,164.44444444444443
mig_3_15,MiG-3-15,WarThunder_FactChecker2.xlsx,Polikarpov Design Bureau,5000.0,365.0,300.0,610.0,169.44444444444443
mig_3_15,MiG-3-15,WarThunder_FactChecker2.xlsx,Polikarpov Design Bureau,6000.0,450.0,378.0,628.0,174.44444444444443
mig_3_15_bk,MiG-3-15 (BK),WarThunder_FactChecker2.xlsx,Polikarpov Design Bureau,0.0,0.0,0.0,504.0,140.0
mig_3_15_bk,MiG-3-15 (BK),WarThunder_FactChecker2.xlsx,Polikarpov Design Bureau,1000.0,78.0,62.0,522.0,145.0
mig_3_15_bk,MiG-3-15 (BK),WarThunder_FactChecker2.xlsx,Polikarpov Design Bureau,2000.0,155.0,124.0,543.0,150.83333333333334
mig_3_15_bk,MiG-3-15 (BK),WarThunder_FactChecker2.xlsx,Polikarpov Design Bureau,3000.0,232.0,186.0,564.0,156.66666666666666
mig_3_15_bk,MiG-3-15 (BK),WarThunder_FactChecker2.xlsx,Polikarpov Design Bureau,4000.0,311.0,251.0,584.0,162.22222222222223
mig_3_15_bk,MiG-3-15 (BK),WarThunder_FactChecker2.xlsx,Polikarpov Design Bureau,5000.0,394.0,322.0,600.0,166.66666666666666
mig_3_15_bk,MiG-3-15 (BK),WarThunder_FactChecker2.xlsx,Polikarpov Design Bureau,6000.0,487.0,407.0,618.0,171.66666666666666
mig_3_34,MiG-3-34,WarThunder_FactChecker2.xlsx,Polikarpov Design Bureau,0.0,0.0,0.0,507.0,140.83333333333334
mig_3_34,MiG-3-34,WarThunder_FactChecker2.xlsx,Polikarpov Design Bureau,1000.0,73.0,59.0,528.0,146.66666666666666
mig_3_34,MiG-3-34,WarThunder_FactChecker2.xlsx,Polikarpov Design Bureau,2000.0,145.0,119.0,551.0,153.05555555555554
mig_3_34,MiG-3-34,WarThunder_FactChecker2.xlsx,Polikarpov Design Bureau,3000.0,218.0,179.0,573.0,159.16666666666666
mig_3_34,MiG-3-34,WarThunder_FactChecker2.xlsx,Polikarpov Design Bureau,4000.0,292.0,242.0,597.0,165.83333333333334
mig_3_34,MiG-3-34,WarThunder_FactChecker2.xlsx,Polikarpov Design Bureau,5000.0,369.0,309.0,618.0,171.66666666666666
mig_3_34,MiG-3-34,WarThunder_FactChecker2.xlsx,Polikarpov Design Bureau,6000.0,451.0,384.0,639.0,177.5
i_16_type_27,I-16 type 27,WarThunder_FactChecker2.xlsx,Polikarpov Design Bureau,0.0,0.0,0.0,447.0,124.16666666666666
i_16_type_27,I-16 type 27,WarThunder_FactChecker2.xlsx,Polikarpov Design Bureau,1000.0,53.0,43.0,452.0,125.55555555555556
i_16_type_27,I-16 type 27,WarThunder_FactChecker2.xlsx,Polikarpov Design Bureau,2000.0,106.0,92.0,458.0,127.22222222222221
i_16_type_27,I-16 type 27,WarThunder_FactChecker2.xlsx,Polikarpov Design Bureau,3000.0,166.0,141.0,478.0,132.77777777777777
i_16_type_27,I-16 type 27,WarThunder_FactChecker2.xlsx,Polikarpov Design Bureau,4000.0,227.0,,477.0,132.5
i_16_type_27,I-16 type 27,WarThunder_FactChecker2.xlsx,Polikarpov Design Bureau,5000.0,292.0,,466.0,129.44444444444443
i_16_type_27,I-16 type 27,WarThunder_FactChecker2.xlsx,Polikarpov Design Bureau,6000.0,373.0,,455.0,126.38888888888889
i_185_m_82,I-185 (M-82),WarThunder_FactChecker2.xlsx,Polikarpov Design Bureau,0.0,0.0,0.0,552.0,153.33333333333334
i_185_m_82,I-185 (M-82),WarThunder_FactChecker2.xlsx,Polikarpov Design Bureau,1000.0,61.0,49.0,577.0,160.27777777777777
i_185_m_82,I-185 (M-82),WarThunder_FactChecker2.xlsx,Polikarpov Design Bureau,2000.0,120.0,102.0,595.0,165.27777777777777
i_185_m_82,I-185 (M-82),WarThunder_FactChecker2.xlsx,Polikarpov Design Bureau,3000.0,181.0,161.0,597.0,165.83333333333334
i_185_m_82,I-185 (M-82),WarThunder_FactChecker2.xlsx,Polikarpov Design Bureau,4000.0,253.0,221.0,606.0,168.33333333333334
i_185_m_82,I-185 (M-82),WarThunder_FactChecker2.xlsx,Polikarpov Design Bureau,5000.0,330.0,288.0,628.0,174.44444444444443
i_185_m_82,I-185 (M-82),WarThunder_FactChecker2.xlsx,Polikarpov Design Bureau,6000.0,410.0,367.0,624.0,173.33333333333334
i_185_m_71,I-185 (M-71),WarThunder_FactChecker2.xlsx,Polikarpov Design Bureau,0.0,0.0,0.0,602.0,167.22222222222223
i_185_m_71,I-185 (M-71),WarThunder_FactChecker2.xlsx,Polikarpov Design Bureau,1000.0,48.0,38.0,633.0,175.83333333333334
i_185_m_71,I-185 (M-71),WarThunder_FactChecker2.xlsx,Polikarpov Design Bureau,2000.0,95.0,79.0,645.0,179.16666666666666
i_185_m_71,I-185 (M-71),WarThunder_FactChecker2.xlsx,Polikarpov Design Bureau,3000.0,141.0,124.0,648.0,180.0
i_185_m_71,I-185 (M-71),WarThunder_FactChecker2.xlsx,Polikarpov Design Bureau,4000.0,195.0,168.0,670.0,186.11111111111111
i_185_m_71,I-185 (M-71),WarThunder_FactChecker2.xlsx,Polikarpov Design Bureau,5000.0,254.0,216.0,692.0,192.22222222222223
i_185_m_71,I-185 (M-71),WarThunder_FactChecker2.xlsx,Polikarpov Design Bureau,6000.0,312.0,271.0,698.0,193.88888888888889
lagg_3_8,LaGG-3-8,WarThunder_FactChecker2.xlsx,Lavochkin Design Bureau,0.0,0.0,0.0,491.0,136.38888888888889
lagg_3_8,LaGG-3-8,WarThunder_FactChecker2.xlsx,Lavochkin Design Bureau,1000.0,77.0,69.0,511.0,141.94444444444443
lagg_3_8,LaGG-3-8,WarThunder_FactChecker2.xlsx,Lavochkin Design Bureau,2000.0,153.0,138.0,531.0,147.5
lagg_3_8,LaGG-3-8,WarThunder_FactChecker2.xlsx,Lavochkin Design Bureau,3000.0,232.0,213.0,536.0,148.88888888888889
lagg_3_8,LaGG-3-8,WarThunder_FactChecker2.xlsx,Lavochkin Design Bureau,4000.0,320.0,302.0,528.0,146.66666666666666
lagg_3_8,LaGG-3-8,WarThunder_FactChecker2.xlsx,Lavochkin Design Bureau,5000.0,410.0,392.0,556.0,154.44444444444443
lagg_3_8,LaGG-3-8,WarThunder_FactChecker2.xlsx,Lavochkin Design Bureau,6000.0,521.0,504.0,544.0,151.11111111111111
lagg_3_11,LaGG-3-11,WarThunder_FactChecker2.xlsx,Lavochkin Design Bureau,0.0,0.0,0.0,499.0,138.61111111111111
lagg_3_11,LaGG-3-11,WarThunder_FactChecker2.xlsx,Lavochkin Design Bureau,1000.0,76.0,69.0,519.0,144.16666666666666
lagg_3_11,LaGG-3-11,WarThunder_FactChecker2.xlsx,Lavochkin Design Bureau,2000.0,152.0,137.0,539.0,149.72222222222223
lagg_3_11,LaGG-3-11,WarThunder_FactChecker2.xlsx,Lavochkin Design Bureau,3000.0,230.0,212.0,545.0,151.38888888888889
lagg_3_11,LaGG-3-11,WarThunder_FactChecker2.xlsx,Lavochkin Design Bureau,4000.0,317.0,300.0,540.0,150.0
lagg_3_11,LaGG-3-11,WarThunder_FactChecker2.xlsx,Lavochkin Design Bureau,5000.0,406.0,389.0,564.0,156.66666666666666
lagg_3_11,LaGG-3-11,WarThunder_FactChecker2.xlsx,Lavochkin Design Bureau,6000.0,516.0,498.0,553.0,153.61111111111111
lagg_3_35,LaGG-3-35,WarThunder_FactChecker2.xlsx,Lavochkin Design Bureau,0.0,0.0,,505.0,140.27777777777777
lagg_3_35,LaGG-3-35,WarThunder_FactChecker2.xlsx,Lavochkin Design Bureau,1000.0,57.0,,535.0,148.61111111111111
lagg_3_35,LaGG-3-35,WarThunder_FactChecker2.xlsx,Lavochkin Design Bureau,2000.0,117.0,,547.0,151.94444444444443
lagg_3_35,LaGG-3-35,WarThunder_FactChecker2.xlsx,Lavochkin Design Bureau,3000.0,180.0,,559.0,155.27777777777777
lagg_3_35,LaGG-3-35,WarThunder_FactChecker2.xlsx,Lavochkin Design Bureau,4000.0,250.0,,563.0,156.38888888888889
lagg_3_35,LaGG-3-35,WarThunder_FactChecker2.xlsx,Lavochkin Design Bureau,5000.0,331.0,,559.0,155.27777777777777
lagg_3_35,LaGG-3-35,WarThunder_FactChecker2.xlsx,Lavochkin Design Bureau,6000.0,427.0,,556.0,154.44444444444443
lagg_3_66,LaGG-3-66,WarThunder_FactChecker2.xlsx,Lavochkin Design Bureau,0.0,0.0,,529.0,146.94444444444443
lagg_3_66,LaGG-3-66,WarThunder_FactChecker2.xlsx,Lavochkin Design Bureau,1000.0,50.0,,558.0,155.0
lagg_3_66,LaGG-3-66,WarThunder_FactChecker2.xlsx,Lavochkin Design Bureau,2000.0,104.0,,567.0,157.5
lagg_3_66,LaGG-3-66,WarThunder_FactChecker2.xlsx,Lavochkin Design Bureau,3000.0,159.0,,583.0,161.94444444444443
lagg_3_66,LaGG-3-66,WarThunder_FactChecker2.xlsx,Lavochkin Design Bureau,4000.0,220.0,,587.0,163.05555555555554
lagg_3_66,LaGG-3-66,WarThunder_FactChecker2.xlsx,Lavochkin Design Bureau,5000.0,293.0,,577.0,160.27777777777777
lagg_3_66,LaGG-3-66,WarThunder_FactChecker2.xlsx,Lavochkin Design Bureau,6000.0,383.0,,567.0,157.5
la_5,La-5,WarThunder_FactChecker2.xlsx,Lavochkin Design Bureau,0.0,0.0,0.0,528.0,146.66666666666666
la_5,La-5,WarThunder_FactChecker2.xlsx,Lavochkin Design Bureau,1000.0,57.0,47.0,553.0,153.61111111111111
la_5,La-5,WarThunder_FactChecker2.xlsx,Lavochkin Design Bureau,2000.0,114.0,99.0,561.0,155.83333333333334
la_5,La-5,WarThunder_FactChecker2.xlsx,Lavochkin Design Bureau,3000.0,174.0,158.0,559.0,155.27777777777777
la_5,La-5,WarThunder_FactChecker2.xlsx,Lavochkin Design Bureau,4000.0,245.0,228.0,549.0,152.5
la_5,La-5,WarThunder_FactChecker2.xlsx,Lavochkin Design Bureau,5000.0,323.0,306.0,560.0,155.55555555555554
la_5,La-5,WarThunder_FactChecker2.xlsx,Lavochkin Design Bureau,6000.0,409.0,391.0,579.0,160.83333333333334
la_5f,La-5F,WarThunder_FactChecker2.xlsx,Lavochkin Design Bureau,0.0,0.0,0.0,537.0,149.16666666666666
la_5f,La-5F,WarThunder_FactChecker2.xlsx,Lavochkin Design Bureau,1000.0,56.0,48.0,562.0,156.11111111111111
la_5f,La-5F,WarThunder_FactChecker2.xlsx,Lavochkin Design Bureau,2000.0,112.0,99.0,571.0,158.61111111111111
la_5f,La-5F,WarThunder_FactChecker2.xlsx,Lavochkin Design Bureau,3000.0,172.0,158.0,569.0,158.05555555555554
la_5f,La-5F,WarThunder_FactChecker2.xlsx,Lavochkin Design Bureau,4000.0,242.0,227.0,559.0,155.27777777777777
la_5f,La-5F,WarThunder_FactChecker2.xlsx,Lavochkin Design Bureau,5000.0,319.0,304.0,569.0,158.05555555555554
la_5f,La-5F,WarThunder_FactChecker2.xlsx,Lavochkin Design Bureau,6000.0,403.0,388.0,588.0,163.33333333333334
la_5fn,La-5FN,WarThunder_FactChecker2.xlsx,Lavochkin Design Bureau,0.0,0.0,0.0,562.0,156.11111111111111
la_5fn,La-5FN,WarThunder_FactChecker2.xlsx,Lavochkin Design Bureau,1000.0,50.0,42.0,583.0,161.94444444444443
la_5fn,La-5FN,WarThunder_FactChecker2.xlsx,Lavochkin Design Bureau,2000.0,99.0,89.0,599.0,166.38888888888889
la_5fn,La-5FN,WarThunder_FactChecker2.xlsx,Lavochkin Design Bureau,3000.0,154.0,142.0,597.0,165.83333333333334
la_5fn,La-5FN,WarThunder_FactChecker2.xlsx,Lavochkin Design Bureau,4000.0,218.0,205.0,588.0,163.33333333333334
la_5fn,La-5FN,WarThunder_FactChecker2.xlsx,Lavochkin Design Bureau,5000.0,285.0,271.0,598.0,166.11111111111111
la_5fn,La-5FN,WarThunder_FactChecker2.xlsx,Lavochkin Design Bureau,6000.0,361.0,348.0,617.0,171.38888888888889
la_7,La-7,WarThunder_FactChecker2.xlsx,Lavochkin Design Bureau,0.0,0.0,0.0,607.0,168.61111111111111
la_7,La-7,WarThunder_FactChecker2.xlsx,Lavochkin Design Bureau,1000.0,46.0,40.0,629.0,174.72222222222223
la_7,La-7,WarThunder_FactChecker2.xlsx,Lavochkin Design Bureau,2000.0,93.0,84.0,652.0,181.11111111111111
la_7,La-7,WarThunder_FactChecker2.xlsx,Lavochkin Design Bureau,3000.0,145.0,133.0,651.0,180.83333333333334
la_7,La-7,WarThunder_FactChecker2.xlsx,Lavochkin Design Bureau,4000.0,204.0,191.0,643.0,178.61111111111111
la_7,La-7,WarThunder_FactChecker2.xlsx,Lavochkin Design Bureau,5000.0,269.0,256.0,644.0,178.88888888888889
la_7,La-7,WarThunder_FactChecker2.xlsx,Lavochkin Design Bureau,6000.0,344.0,331.0,666.0,185.0
la_7b_20,La-7B-20,WarThunder_FactChecker2.xlsx,Lavochkin Design Bureau,0.0,0.0,0.0,607.0,168.61111111111111
la_7b_20,La-7B-20,WarThunder_FactChecker2.xlsx,Lavochkin Design Bureau,1000.0,48.0,41.0,629.0,174.72222222222223
la_7b_20,La-7B-20,WarThunder_FactChecker2.xlsx,Lavochkin Design Bureau,2000.0,96.0,86.0,652.0,181.11111111111111
la_7b_20,La-7B-20,WarThunder_FactChecker2.xlsx,Lavochkin Design Bureau,3000.0,149.0,137.0,650.0,180.55555555555554
la_7b_20,La-7B-20,WarThunder_FactChecker2.xlsx,Lavochkin Design Bureau,4000.0,210.0,196.0,642.0,178.33333333333334
la_7b_20,La-7B-20,WarThunder_FactChecker2.xlsx,Lavochkin Design Bureau,5000.0,276.0,263.0,644.0,178.88888888888889
la_7b_20,La-7B-20,WarThunder_FactChecker2.xlsx,Lavochkin Design Bureau,6000.0,354.0,340.0,664.0,184.44444444444443
la_9,La-9,WarThunder_FactChecker2.xlsx,Lavochkin Design Bureau,0.0,0.0,0.0,606.0,168.33333333333334
la_9,La-9,WarThunder_FactChecker2.xlsx,Lavochkin Design Bureau,1000.0,44.0,38.0,634.0,176.11111111111111
la_9,La-9,WarThunder_FactChecker2.xlsx,Lavochkin Design Bureau,2000.0,87.0,79.0,663.0,184.16666666666666
la_9,La-9,WarThunder_FactChecker2.xlsx,Lavochkin Design Bureau,3000.0,135.0,127.0,659.0,183.05555555555554
la_9,La-9,WarThunder_FactChecker2.xlsx,Lavochkin Design Bureau,4000.0,190.0,182.0,641.0,178.05555555555554
la_9,La-9,WarThunder_FactChecker2.xlsx,Lavochkin Design Bureau,5000.0,245.0,237.0,661.0,183.61111111111111
la_9,La-9,WarThunder_FactChecker2.xlsx,Lavochkin Design Bureau,6000.0,307.0,299.0,688.0,191.11111111111111
zhukovsky_s_i_153_m62,Zhukovsky's I-153-M62,WarThunder_FactChecker2.xlsx,USSR National Premiums,0.0,0.0,0.0,410.0,113.88888888888889
zhukovsky_s_i_153_m62,Zhukovsky's I-153-M62,WarThunder_FactChecker2.xlsx,USSR National Premiums,1000.0,58.0,48.0,424.0,117.77777777777777
zhukovsky_s_i_153_m62,Zhukovsky's I-153-M62,WarThunder_FactChecker2.xlsx,USSR National Premiums,2000.0,117.0,99.0,433.0,120.27777777777777
zhukovsky_s_i_153_m62,Zhukovsky's I-153-M62,WarThunder_FactChecker2.xlsx,USSR National Premiums,3000.0,180.0,150.0,453.0,125.83333333333333
zhukovsky_s_i_153_m62,Zhukovsky's I-153-M62,WarThunder_FactChecker2.xlsx,USSR National Premiums,4000.0,244.0,,465.0,129.16666666666666
zhukovsky_s_i_153_m62,Zhukovsky's I-153-M62,WarThunder_FactChecker2.xlsx,USSR National Premiums,5000.0,311.0,,457.0,126.94444444444444
zhukovsky_s_i_153_m62,Zhukovsky's I-153-M62,WarThunder_FactChecker2.xlsx,USSR National Premiums,6000.0,390.0,,449.0,124.72222222222221
lagg_3_34,LaGG-3-34,WarThunder_FactChecker2.xlsx,USSR National Premiums,0.0,0.0,,490.0,136.11111111111111
lagg_3_34,LaGG-3-34,WarThunder_FactChecker2.xlsx,USSR National Premiums,1000.0,62.0,,520.0,144.44444444444443
lagg_3_34,LaGG-3-34,WarThunder_FactChecker2.xlsx,USSR National Premiums,2000.0,128.0,,541.0,150.27777777777777
lagg_3_34,LaGG-3-34,WarThunder_FactChecker2.xlsx,USSR National Premiums,3000.0,197.0,,540.0,150.0
lagg_3_34,LaGG-3-34,WarThunder_FactChecker2.xlsx,USSR National Premiums,4000.0,273.0,,559.0,155.27777777777777
lagg_3_34,LaGG-3-34,WarThunder_FactChecker2.xlsx,USSR National Premiums,5000.0,366.0,,547.0,151.94444444444443
lagg_3_34,LaGG-3-34,WarThunder_FactChecker2.xlsx,USSR National Premiums,6000.0,481.0,,534.0,148.33333333333334
i_29,I-29,WarThunder_FactChecker2.xlsx,USSR National Premiums,0.0,0.0,0.0,480.0,133.33333333333334
i_29,I-29,WarThunder_FactChecker2.xlsx,USSR National Premiums,1000.0,51.0,48.0,502.0,139.44444444444443
i_29,I-29,WarThunder_FactChecker2.xlsx,USSR National Premiums,2000.0,101.0,96.0,524.0,145.55555555555554
i_29,I-29,WarThunder_FactChecker2.xlsx,USSR National Premiums,3000.0,153.0,147.0,541.0,150.27777777777777
i_29,I-29,WarThunder_FactChecker2.xlsx,USSR National Premiums,4000.0,209.0,203.0,534.0,148.33333333333334
i_29,I-29,WarThunder_FactChecker2.xlsx,USSR National Premiums,5000.0,268.0,261.0,557.0,154.72222222222223
i_29,I-29,WarThunder_FactChecker2.xlsx,USSR National Premiums,6000.0,337.0,331.0,553.0,153.61111111111111
i_153p,I-153P,WarThunder_FactChecker2.xlsx,USSR National Premiums,0.0,0.0,0.0,410.0,113.88888888888889
i_153p,I-153P,WarThunder_FactChecker2.xlsx,USSR National Premiums,1000.0,59.0,48.0,424.0,117.77777777777777
i_153p,I-153P,WarThunder_FactChecker2.xlsx,USSR National Premiums,2000.0,118.0,99.0,433.0,120.27777777777777
i_153p,I-153P,WarThunder_FactChecker2.xlsx,USSR National Premiums,3000.0,181.0,150.0,453.0,125.83333333333333
i_153p,I-153P,WarThunder_FactChecker2.xlsx,USSR National Premiums,4000.0,245.0,,465.0,129.16666666666666
i_153p,I-153P,WarThunder_FactChecker2.xlsx,USSR National Premiums,5000.0,312.0,,457.0,126.94444444444444
i_153p,I-153P,WarThunder_FactChecker2.xlsx,USSR National Premiums,6000.0,392.0,,448.0,124.44444444444444
i_16_type_28,I-16 type 28,WarThunder_FactChecker2.xlsx,USSR National Premiums,0.0,0.0,0.0,461.0,128.05555555555554
i_16_type_28,I-16 type 28,WarThunder_FactChecker2.xlsx,USSR National Premiums,1000.0,58.0,48.0,481.0,133.61111111111111
i_16_type_28,I-16 type 28,WarThunder_FactChecker2.xlsx,USSR National Premiums,2000.0,115.0,98.0,485.0,134.72222222222223
i_16_type_28,I-16 type 28,WarThunder_FactChecker2.xlsx,USSR National Premiums,3000.0,177.0,154.0,489.0,135.83333333333334
i_16_type_28,I-16 type 28,WarThunder_FactChecker2.xlsx,USSR National Premiums,4000.0,247.0,,507.0,140.83333333333334
i_16_type_28,I-16 type 28,WarThunder_FactChecker2.xlsx,USSR National Premiums,5000.0,318.0,,508.0,141.11111111111111
i_16_type_28,I-16 type 28,WarThunder_FactChecker2.xlsx,USSR National Premiums,6000.0,400.0,,505.0,140.27777777777777
dolgushin_s_la_7,Dolgushin's La-7,WarThunder_FactChecker2.xlsx,USSR National Premiums,0.0,0.0,0.0,607.0,168.61111111111111
dolgushin_s_la_7,Dolgushin's La-7,WarThunder_FactChecker2.xlsx,USSR National Premiums,1000.0,46.0,40.0,630.0,175.0
dolgushin_s_la_7,Dolgushin's La-7,WarThunder_FactChecker2.xlsx,USSR National Premiums,2000.0,93.0,84.0,652.0,181.11111111111111
dolgushin_s_la_7,Dolgushin's La-7,WarThunder_FactChecker2.xlsx,USSR National Premiums,3000.0,145.0,133.0,651.0,180.83333333333334
dolgushin_s_la_7,Dolgushin's La-7,WarThunder_FactChecker2.xlsx,USSR National Premiums,4000.0,204.0,191.0,643.0,178.61111111111111
dolgushin_s_la_7,Dolgushin's La-7,WarThunder_FactChecker2.xlsx,USSR National Premiums,5000.0,269.0,256.0,644.0,178.88888888888889
dolgushin_s_la_7,Dolgushin's La-7,WarThunder_FactChecker2.xlsx,USSR National Premiums,6000.0,344.0,331.0,666.0,185.0
yak_3t,Yak-3T,WarThunder_FactChecker2.xlsx,USSR National Premiums,0.0,0.0,,563.0,156.38888888888889
yak_3t,Yak-3T,WarThunder_FactChecker2.xlsx,USSR National Premiums,1000.0,46.0,,590.0,163.88888888888889
yak_3t,Yak-3T,WarThunder_FactChecker2.xlsx,USSR National Premiums,2000.0,98.0,,606.0,168.33333333333334
yak_3t,Yak-3T,WarThunder_FactChecker2.xlsx,USSR National Premiums,3000.0,150.0,,610.0,169.44444444444443
yak_3t,Yak-3T,WarThunder_FactChecker2.xlsx,USSR National Premiums,4000.0,206.0,,642.0,178.33333333333334
yak_3t,Yak-3T,WarThunder_FactChecker2.xlsx,USSR National Premiums,5000.0,273.0,,639.0,177.5
yak_3t,Yak-3T,WarThunder_FactChecker2.xlsx,USSR National Premiums,6000.0,355.0,,625.0,173.61111111111111
la_11,La-11,WarThunder_FactChecker2.xlsx,USSR National Premiums,0.0,0.0,0.0,616.0,171.11111111111111
la_11,La-11,WarThunder_FactChecker2.xlsx,USSR National Premiums,1000.0,53.0,45.0,639.0,177.5
la_11,La-11,WarThunder_FactChecker2.xlsx,USSR National Premiums,2000.0,107.0,95.0,662.0,183.88888888888889
la_11,La-11,WarThunder_FactChecker2.xlsx,USSR National Premiums,3000.0,164.0,150.0,666.0,185.0
la_11,La-11,WarThunder_FactChecker2.xlsx,USSR National Premiums,4000.0,230.0,213.0,668.0,185.55555555555554
la_11,La-11,WarThunder_FactChecker2.xlsx,USSR National Premiums,5000.0,302.0,284.0,668.0,185.55555555555554
la_11,La-11,WarThunder_FactChecker2.xlsx,USSR National Premiums,6000.0,382.0,364.0,680.0,188.88888888888889
yak_3_vk_107,Yak-3 (VK-107),WarThunder_FactChecker2.xlsx,USSR National Premiums,0.0,0.0,0.0,615.0,170.83333333333334
yak_3_vk_107,Yak-3 (VK-107),WarThunder_FactChecker2.xlsx,USSR National Premiums,1000.0,40.0,38.0,641.0,178.05555555555554
yak_3_vk_107,Yak-3 (VK-107),WarThunder_FactChecker2.xlsx,USSR National Premiums,2000.0,80.0,76.0,668.0,185.55555555555554
yak_3_vk_107,Yak-3 (VK-107),WarThunder_FactChecker2.xlsx,USSR National Premiums,3000.0,123.0,118.0,661.0,183.61111111111111
yak_3_vk_107,Yak-3 (VK-107),WarThunder_FactChecker2.xlsx,USSR National Premiums,4000.0,169.0,160.0,686.0,190.55555555555554
yak_3_vk_107,Yak-3 (VK-107),WarThunder_FactChecker2.xlsx,USSR National Premiums,5000.0,215.0,205.0,703.0,195.27777777777777
yak_3_vk_107,Yak-3 (VK-107),WarThunder_FactChecker2.xlsx,USSR National Premiums,6000.0,270.0,260.0,683.0,189.72222222222223
hurricane_mk_iib,Hurricane Mk IIB,WarThunder_FactChecker2.xlsx,USSR Foreign Premiums,0.0,0.0,0.0,468.0,130.0
hurricane_mk_iib,Hurricane Mk IIB,WarThunder_FactChecker2.xlsx,USSR Foreign Premiums,1000.0,63.0,48.0,488.0,135.55555555555554
hurricane_mk_iib,Hurricane Mk IIB,WarThunder_FactChecker2.xlsx,USSR Foreign Premiums,2000.0,124.0,96.0,509.0,141.38888888888889
hurricane_mk_iib,Hurricane Mk IIB,WarThunder_FactChecker2.xlsx,USSR Foreign Premiums,3000.0,186.0,147.0,525.0,145.83333333333334
hurricane_mk_iib,Hurricane Mk IIB,WarThunder_FactChecker2.xlsx,USSR Foreign Premiums,4000.0,250.0,202.0,530.0,147.22222222222223
hurricane_mk_iib,Hurricane Mk IIB,WarThunder_FactChecker2.xlsx,USSR Foreign Premiums,5000.0,320.0,270.0,556.0,154.44444444444443
hurricane_mk_iib,Hurricane Mk IIB,WarThunder_FactChecker2.xlsx,USSR Foreign Premiums,6000.0,399.0,336.0,559.0,155.27777777777777
p_40e_1,P-40E-1,WarThunder_FactChecker2.xlsx,USSR Foreign Premiums,0.0,0.0,0.0,523.0,145.27777777777777
p_40e_1,P-40E-1,WarThunder_FactChecker2.xlsx,USSR Foreign Premiums,1000.0,70.0,53.0,539.0,149.72222222222223
p_40e_1,P-40E-1,WarThunder_FactChecker2.xlsx,USSR Foreign Premiums,2000.0,140.0,106.0,558.0,155.0
p_40e_1,P-40E-1,WarThunder_FactChecker2.xlsx,USSR Foreign Premiums,3000.0,212.0,165.0,569.0,158.05555555555554
p_40e_1,P-40E-1,WarThunder_FactChecker2.xlsx,USSR Foreign Premiums,4000.0,285.0,235.0,561.0,155.83333333333334
p_40e_1,P-40E-1,WarThunder_FactChecker2.xlsx,USSR Foreign Premiums,5000.0,370.0,320.0,551.0,153.05555555555554
p_40e_1,P-40E-1,WarThunder_FactChecker2.xlsx,USSR Foreign Premiums,6000.0,475.0,426.0,539.0,149.72222222222223
p_39k_1,P-39K-1,WarThunder_FactChecker2.xlsx,USSR Foreign Premiums,0.0,0.0,0.0,521.0,144.72222222222223
p_39k_1,P-39K-1,WarThunder_FactChecker2.xlsx,USSR Foreign Premiums,1000.0,69.0,51.0,542.0,150.55555555555554
p_39k_1,P-39K-1,WarThunder_FactChecker2.xlsx,USSR Foreign Premiums,2000.0,137.0,102.0,565.0,156.94444444444443
p_39k_1,P-39K-1,WarThunder_FactChecker2.xlsx,USSR Foreign Premiums,3000.0,204.0,152.0,588.0,163.33333333333334
p_39k_1,P-39K-1,WarThunder_FactChecker2.xlsx,USSR Foreign Premiums,4000.0,271.0,207.0,595.0,165.27777777777777
p_39k_1,P-39K-1,WarThunder_FactChecker2.xlsx,USSR Foreign Premiums,5000.0,341.0,272.0,590.0,163.88888888888889
p_39k_1,P-39K-1,WarThunder_FactChecker2.xlsx,USSR Foreign Premiums,6000.0,427.0,351.0,578.0,160.55555555555554
pokryshkin_s_p_39n_0,Pokryshkin's P-39N-0,WarThunder_FactChecker2.xlsx,USSR Foreign Premiums,0.0,0.0,0.0,575.0,159.72222222222223
pokryshkin_s_p_39n_0,Pokryshkin's P-39N-0,WarThunder_FactChecker2.xlsx,USSR Foreign Premiums,1000.0,61.0,46.0,598.0,166.11111111111111
pokryshkin_s_p_39n_0,Pokryshkin's P-39N-0,WarThunder_FactChecker2.xlsx,USSR Foreign Premiums,2000.0,120.0,90.0,622.0,172.77777777777777
pokryshkin_s_p_39n_0,Pokryshkin's P-39N-0,WarThunder_FactChecker2.xlsx,USSR Foreign Premiums,3000.0,178.0,137.0,647.0,179.72222222222223
pokryshkin_s_p_39n_0,Pokryshkin's P-39N-0,WarThunder_FactChecker2.xlsx,USSR Foreign Premiums,4000.0,241.0,192.0,644.0,178.88888888888889
pokryshkin_s_p_39n_0,Pokryshkin's P-39N-0,WarThunder_FactChecker2.xlsx,USSR Foreign Premiums,5000.0,316.0,256.0,633.0,175.83333333333334
pokryshkin_s_p_39n_0,Pokryshkin's P-39N-0,WarThunder_FactChecker2.xlsx,USSR Foreign Premiums,6000.0,408.0,333.0,622.0,172.77777777777777
p_63a_5,P-63A-5,WarThunder_FactChecker2.xlsx,USSR Foreign Premiums,0.0,0.0,0.0,557.0,154.72222222222223
p_63a_5,P-63A-5,WarThunder_FactChecker2.xlsx,USSR Foreign Premiums,1000.0,54.0,48.0,574.0,159.44444444444443
p_63a_5,P-63A-5,WarThunder_FactChecker2.xlsx,USSR Foreign Premiums,2000.0,110.0,97.0,590.0,163.88888888888889
p_63a_5,P-63A-5,WarThunder_FactChecker2.xlsx,USSR Foreign Premiums,3000.0,167.0,148.0,605.0,168.05555555555554
p_63a_5,P-63A-5,WarThunder_FactChecker2.xlsx,USSR Foreign Premiums,4000.0,226.0,201.0,621.0,172.5
p_63a_5,P-63A-5,WarThunder_FactChecker2.xlsx,USSR Foreign Premiums,5000.0,288.0,260.0,631.0,175.27777777777777
p_63a_5,P-63A-5,WarThunder_FactChecker2.xlsx,USSR Foreign Premiums,6000.0,356.0,324.0,637.0,176.94444444444443
p_47d_27,P-47D-27,WarThunder_FactChecker2.xlsx,USSR Foreign Premiums,0.0,0.0,0.0,560.0,155.55555555555554
p_47d_27,P-47D-27,WarThunder_FactChecker2.xlsx,USSR Foreign Premiums,1000.0,70.0,59.0,576.0,160.0
p_47d_27,P-47D-27,WarThunder_FactChecker2.xlsx,USSR Foreign Premiums,2000.0,142.0,118.0,594.0,165.0
p_47d_27,P-47D-27,WarThunder_FactChecker2.xlsx,USSR Foreign Premiums,3000.0,215.0,179.0,612.0,170.0
p_47d_27,P-47D-27,WarThunder_FactChecker2.xlsx,USSR Foreign Premiums,4000.0,289.0,240.0,631.0,175.27777777777777
p_47d_27,P-47D-27,WarThunder_FactChecker2.xlsx,USSR Foreign Premiums,5000.0,365.0,303.0,651.0,180.83333333333334
p_47d_27,P-47D-27,WarThunder_FactChecker2.xlsx,USSR Foreign Premiums,6000.0,443.0,367.0,669.0,185.83333333333334
fw_190_d_9,Fw 190 D-9,WarThunder_FactChecker2.xlsx,USSR Foreign Premiums,0.0,0.0,0.0,613.0,170.27777777777777
fw_190_d_9,Fw 190 D-9,WarThunder_FactChecker2.xlsx,USSR Foreign Premiums,1000.0,54.0,44.0,630.0,175.0
fw_190_d_9,Fw 190 D-9,WarThunder_FactChecker2.xlsx,USSR Foreign Premiums,2000.0,109.0,89.0,649.0,180.27777777777777
fw_190_d_9,Fw 190 D-9,WarThunder_FactChecker2.xlsx,USSR Foreign Premiums,3000.0,166.0,138.0,657.0,182.5
fw_190_d_9,Fw 190 D-9,WarThunder_FactChecker2.xlsx,USSR Foreign Premiums,4000.0,228.0,187.0,675.0,187.5
fw_190_d_9,Fw 190 D-9,WarThunder_FactChecker2.xlsx,USSR Foreign Premiums,5000.0,292.0,239.0,694.0,192.77777777777777
fw_190_d_9,Fw 190 D-9,WarThunder_FactChecker2.xlsx,USSR Foreign Premiums,6000.0,359.0,299.0,702.0,195.0
hurricane_mk_i_l,Hurricane Mk.I/L,WarThunder_FactChecker2.xlsx,Hawker,0.0,0.0,0.0,455.0,126.38888888888889
hurricane_mk_i_l,Hurricane Mk.I/L,WarThunder_FactChecker2.xlsx,Hawker,1000.0,68.0,50.0,475.0,131.94444444444443
hurricane_mk_i_l,Hurricane Mk.I/L,WarThunder_FactChecker2.xlsx,Hawker,2000.0,135.0,99.0,596.0,165.55555555555554
hurricane_mk_i_l,Hurricane Mk.I/L,WarThunder_FactChecker2.xlsx,Hawker,3000.0,200.0,148.0,519.0,144.16666666666666
hurricane_mk_i_l,Hurricane Mk.I/L,WarThunder_FactChecker2.xlsx,Hawker,4000.0,265.0,200.0,532.0,147.77777777777777
hurricane_mk_i_l,Hurricane Mk.I/L,WarThunder_FactChecker2.xlsx,Hawker,5000.0,329.0,258.0,529.0,146.94444444444443
hurricane_mk_i_l,Hurricane Mk.I/L,WarThunder_FactChecker2.xlsx,Hawker,6000.0,399.0,327.0,522.0,145.0
hurricane_mk_iib,Hurricane Mk IIB,WarThunder_FactChecker2.xlsx,Hawker,0.0,0.0,0.0,432.0,120.0
hurricane_mk_iib,Hurricane Mk IIB,WarThunder_FactChecker2.xlsx,Hawker,1000.0,69.0,53.0,450.0,125.0
hurricane_mk_iib,Hurricane Mk IIB,WarThunder_FactChecker2.xlsx,Hawker,2000.0,138.0,106.0,470.0,130.55555555555554
hurricane_mk_iib,Hurricane Mk IIB,WarThunder_FactChecker2.xlsx,Hawker,3000.0,207.0,163.0,481.0,133.61111111111111
hurricane_mk_iib,Hurricane Mk IIB,WarThunder_FactChecker2.xlsx,Hawker,4000.0,279.0,224.0,490.0,136.11111111111111
hurricane_mk_iib,Hurricane Mk IIB,WarThunder_FactChecker2.xlsx,Hawker,5000.0,360.0,302.0,512.0,142.22222222222223
hurricane_mk_iib,Hurricane Mk IIB,WarThunder_FactChecker2.xlsx,Hawker,6000.0,484.0,378.0,510.0,141.66666666666666
hurricane_mk_iv,Hurricane Mk.IV,WarThunder_FactChecker2.xlsx,Hawker,0.0,0.0,0.0,454.0,126.11111111111111
hurricane_mk_iv,Hurricane Mk.IV,WarThunder_FactChecker2.xlsx,Hawker,1000.0,77.0,52.0,473.0,131.38888888888889
hurricane_mk_iv,Hurricane Mk.IV,WarThunder_FactChecker2.xlsx,Hawker,2000.0,154.0,107.0,482.0,133.88888888888889
hurricane_mk_iv,Hurricane Mk.IV,WarThunder_FactChecker2.xlsx,Hawker,3000.0,232.0,168.0,487.0,135.27777777777777
hurricane_mk_iv,Hurricane Mk.IV,WarThunder_FactChecker2.xlsx,Hawker,4000.0,315.0,233.0,510.0,141.66666666666666
hurricane_mk_iv,Hurricane Mk.IV,WarThunder_FactChecker2.xlsx,Hawker,5000.0,406.0,306.0,508.0,141.11111111111111
hurricane_mk_iv,Hurricane Mk.IV,WarThunder_FactChecker2.xlsx,Hawker,6000.0,512.0,393.0,502.0,139.44444444444443
typhoon_mk_ia,Typhoon Mk.Ia,WarThunder_FactChecker2.xlsx,Hawker,0.0,0.0,0.0,554.0,153.88888888888889
typhoon_mk_ia,Typhoon Mk.Ia,WarThunder_FactChecker2.xlsx,Hawker,1000.0,62.0,57.0,577.0,160.27777777777777
typhoon_mk_ia,Typhoon Mk.Ia,WarThunder_FactChecker2.xlsx,Hawker,2000.0,124.0,114.0,600.0,166.66666666666666
typhoon_mk_ia,Typhoon Mk.Ia,WarThunder_FactChecker2.xlsx,Hawker,3000.0,194.0,177.0,607.0,168.61111111111111
typhoon_mk_ia,Typhoon Mk.Ia,WarThunder_FactChecker2.xlsx,Hawker,4000.0,273.0,248.0,604.0,167.77777777777777
typhoon_mk_ia,Typhoon Mk.Ia,WarThunder_FactChecker2.xlsx,Hawker,5000.0,356.0,323.0,618.0,171.66666666666666
typhoon_mk_ia,Typhoon Mk.Ia,WarThunder_FactChecker2.xlsx,Hawker,6000.0,446.0,403.0,638.0,177.22222222222223
typhoon_mk_ib_l,Typhoon Mk.Ib/L,WarThunder_FactChecker2.xlsx,Hawker,0.0,0.0,0.0,601.0,166.94444444444443
typhoon_mk_ib_l,Typhoon Mk.Ib/L,WarThunder_FactChecker2.xlsx,Hawker,1000.0,56.0,52.0,625.0,173.61111111111111
typhoon_mk_ib_l,Typhoon Mk.Ib/L,WarThunder_FactChecker2.xlsx,Hawker,2000.0,113.0,107.0,645.0,179.16666666666666
typhoon_mk_ib_l,Typhoon Mk.Ib/L,WarThunder_FactChecker2.xlsx,Hawker,3000.0,177.0,170.0,640.0,177.77777777777777
typhoon_mk_ib_l,Typhoon Mk.Ib/L,WarThunder_FactChecker2.xlsx,Hawker,4000.0,250.0,236.0,647.0,179.72222222222223
typhoon_mk_ib_l,Typhoon Mk.Ib/L,WarThunder_FactChecker2.xlsx,Hawker,5000.0,325.0,305.0,672.0,186.66666666666666
typhoon_mk_ib_l,Typhoon Mk.Ib/L,WarThunder_FactChecker2.xlsx,Hawker,6000.0,406.0,384.0,678.0,188.33333333333334
tempest_mk_v,Tempest Mk V,WarThunder_FactChecker2.xlsx,Hawker,0.0,0.0,0.0,629.0,174.72222222222223
tempest_mk_v,Tempest Mk V,WarThunder_FactChecker2.xlsx,Hawker,1000.0,53.0,45.0,651.0,180.83333333333334
tempest_mk_v,Tempest Mk V,WarThunder_FactChecker2.xlsx,Hawker,2000.0,105.0,96.0,650.0,180.55555555555554
tempest_mk_v,Tempest Mk V,WarThunder_FactChecker2.xlsx,Hawker,3000.0,165.0,149.0,656.0,182.22222222222223
tempest_mk_v,Tempest Mk V,WarThunder_FactChecker2.xlsx,Hawker,4000.0,232.0,203.0,681.0,189.16666666666666
tempest_mk_v,Tempest Mk V,WarThunder_FactChecker2.xlsx,Hawker,5000.0,301.0,262.0,698.0,193.88888888888889
tempest_mk_v,Tempest Mk V,WarThunder_FactChecker2.xlsx,Hawker,6000.0,374.0,333.0,694.0,192.77777777777777
tempest_mk_v_vickers_p,Tempest Mk V (Vickers P),WarThunder_FactChecker2.xlsx,Hawker,0.0,0.0,0.0,603.0,167.5
tempest_mk_v_vickers_p,Tempest Mk V (Vickers P),WarThunder_FactChecker2.xlsx,Hawker,1000.0,58.0,50.0,622.0,172.77777777777777
tempest_mk_v_vickers_p,Tempest Mk V (Vickers P),WarThunder_FactChecker2.xlsx,Hawker,2000.0,116.0,105.0,621.0,172.5
tempest_mk_v_vickers_p,Tempest Mk V (Vickers P),WarThunder_FactChecker2.xlsx,Hawker,3000.0,182.0,164.0,628.0,174.44444444444443
tempest_mk_v_vickers_p,Tempest Mk V (Vickers P),WarThunder_FactChecker2.xlsx,Hawker,4000.0,257.0,223.0,653.0,181.38888888888889
tempest_mk_v_vickers_p,Tempest Mk V (Vickers P),WarThunder_FactChecker2.xlsx,Hawker,5000.0,333.0,289.0,665.0,184.72222222222223
tempest_mk_v_vickers_p,Tempest Mk V (Vickers P),WarThunder_FactChecker2.xlsx,Hawker,6000.0,415.0,368.0,661.0,183.61111111111111
tempest_mk_ii,Tempest Mk II,WarThunder_FactChecker2.xlsx,Hawker,0.0,0.0,0.0,670.0,186.11111111111111
tempest_mk_ii,Tempest Mk II,WarThunder_FactChecker2.xlsx,Hawker,1000.0,46.0,40.0,688.0,191.11111111111111
tempest_mk_ii,Tempest Mk II,WarThunder_FactChecker2.xlsx,Hawker,2000.0,94.0,85.0,685.0,190.27777777777777
tempest_mk_ii,Tempest Mk II,WarThunder_FactChecker2.xlsx,Hawker,3000.0,150.0,131.0,697.0,193.61111111111111
tempest_mk_ii,Tempest Mk II,WarThunder_FactChecker2.xlsx,Hawker,4000.0,207.0,177.0,723.0,200.83333333333331
tempest_mk_ii,Tempest Mk II,WarThunder_FactChecker2.xlsx,Hawker,5000.0,266.0,231.0,725.0,201.38888888888889
tempest_mk_ii,Tempest Mk II,WarThunder_FactChecker2.xlsx,Hawker,6000.0,335.0,294.0,719.0,199.72222222222223
spitfire_mk_ia,Spitfire Mk Ia,WarThunder_FactChecker2.xlsx,Spitfire,0.0,0.0,0.0,503.0,139.72222222222223
spitfire_mk_ia,Spitfire Mk Ia,WarThunder_FactChecker2.xlsx,Spitfire,1000.0,61.0,44.0,524.0,145.55555555555554
spitfire_mk_ia,Spitfire Mk Ia,WarThunder_FactChecker2.xlsx,Spitfire,2000.0,120.0,87.0,546.0,151.66666666666666
spitfire_mk_ia,Spitfire Mk Ia,WarThunder_FactChecker2.xlsx,Spitfire,3000.0,178.0,130.0,567.0,157.5
spitfire_mk_ia,Spitfire Mk Ia,WarThunder_FactChecker2.xlsx,Spitfire,4000.0,235.0,173.0,587.0,163.05555555555554
spitfire_mk_ia,Spitfire Mk Ia,WarThunder_FactChecker2.xlsx,Spitfire,5000.0,292.0,223.0,582.0,161.66666666666666
spitfire_mk_ia,Spitfire Mk Ia,WarThunder_FactChecker2.xlsx,Spitfire,6000.0,353.0,281.0,573.0,159.16666666666666
spitfire_mk_iia,Spitfire Mk IIa,WarThunder_FactChecker2.xlsx,Spitfire,0.0,0.0,0.0,488.0,135.55555555555554
spitfire_mk_iia,Spitfire Mk IIa,WarThunder_FactChecker2.xlsx,Spitfire,1000.0,58.0,49.0,508.0,141.11111111111111
spitfire_mk_iia,Spitfire Mk IIa,WarThunder_FactChecker2.xlsx,Spitfire,2000.0,114.0,97.0,528.0,146.66666666666666
spitfire_mk_iia,Spitfire Mk IIa,WarThunder_FactChecker2.xlsx,Spitfire,3000.0,169.0,145.0,548.0,152.22222222222223
spitfire_mk_iia,Spitfire Mk IIa,WarThunder_FactChecker2.xlsx,Spitfire,4000.0,224.0,192.0,570.0,158.33333333333334
spitfire_mk_iia,Spitfire Mk IIa,WarThunder_FactChecker2.xlsx,Spitfire,5000.0,279.0,244.0,575.0,159.72222222222223
spitfire_mk_iia,Spitfire Mk IIa,WarThunder_FactChecker2.xlsx,Spitfire,6000.0,341.0,307.0,567.0,157.5
spitfire_mk_iib,Spitfire Mk IIb,WarThunder_FactChecker2.xlsx,Spitfire,0.0,0.0,0.0,487.0,135.27777777777777
spitfire_mk_iib,Spitfire Mk IIb,WarThunder_FactChecker2.xlsx,Spitfire,1000.0,59.0,50.0,507.0,140.83333333333334
spitfire_mk_iib,Spitfire Mk IIb,WarThunder_FactChecker2.xlsx,Spitfire,2000.0,116.0,99.0,528.0,146.66666666666666
spitfire_mk_iib,Spitfire Mk IIb,WarThunder_FactChecker2.xlsx,Spitfire,3000.0,172.0,147.0,548.0,152.22222222222223
spitfire_mk_iib,Spitfire Mk IIb,WarThunder_FactChecker2.xlsx,Spitfire,4000.0,227.0,195.0,570.0,158.33333333333334
spitfire_mk_iib,Spitfire Mk IIb,WarThunder_FactChecker2.xlsx,Spitfire,5000.0,283.0,248.0,574.0,159.44444444444443
spitfire_mk_iib,Spitfire Mk IIb,WarThunder_FactChecker2.xlsx,Spitfire,6000.0,347.0,311.0,564.0,156.66666666666666
spitfire_mk_vb_trop,Spitfire Mk Vb/trop,WarThunder_FactChecker2.xlsx,Spitfire,0.0,0.0,0.0,511.0,141.94444444444443
spitfire_mk_vb_trop,Spitfire Mk Vb/trop,WarThunder_FactChecker2.xlsx,Spitfire,1000.0,64.0,47.0,533.0,148.05555555555554
spitfire_mk_vb_trop,Spitfire Mk Vb/trop,WarThunder_FactChecker2.xlsx,Spitfire,2000.0,127.0,93.0,555.0,154.16666666666666
spitfire_mk_vb_trop,Spitfire Mk Vb/trop,WarThunder_FactChecker2.xlsx,Spitfire,3000.0,190.0,140.0,577.0,160.27777777777777
spitfire_mk_vb_trop,Spitfire Mk Vb/trop,WarThunder_FactChecker2.xlsx,Spitfire,4000.0,254.0,192.0,585.0,162.5
spitfire_mk_vb_trop,Spitfire Mk Vb/trop,WarThunder_FactChecker2.xlsx,Spitfire,5000.0,323.0,251.0,578.0,160.55555555555554
spitfire_mk_vb_trop,Spitfire Mk Vb/trop,WarThunder_FactChecker2.xlsx,Spitfire,6000.0,402.0,322.0,570.0,158.33333333333334
spitfire_mk_vb,Spitfire Mk Vb,WarThunder_FactChecker2.xlsx,Spitfire,0.0,0.0,0.0,524.0,145.55555555555554
spitfire_mk_vb,Spitfire Mk Vb,WarThunder_FactChecker2.xlsx,Spitfire,1000.0,62.0,45.0,546.0,151.66666666666666
spitfire_mk_vb,Spitfire Mk Vb,WarThunder_FactChecker2.xlsx,Spitfire,2000.0,124.0,90.0,569.0,158.05555555555554
spitfire_mk_vb,Spitfire Mk Vb,WarThunder_FactChecker2.xlsx,Spitfire,3000.0,184.0,136.0,591.0,164.16666666666666
spitfire_mk_vb,Spitfire Mk Vb,WarThunder_FactChecker2.xlsx,Spitfire,4000.0,245.0,186.0,601.0,166.94444444444443
spitfire_mk_vb,Spitfire Mk Vb,WarThunder_FactChecker2.xlsx,Spitfire,5000.0,312.0,243.0,594.0,165.0
spitfire_mk_vb,Spitfire Mk Vb,WarThunder_FactChecker2.xlsx,Spitfire,6000.0,387.0,310.0,586.0,162.77777777777777
spitfire_mk_vc_trop,Spitfire Mk Vc/trop,WarThunder_FactChecker2.xlsx,Spitfire,0.0,0.0,0.0,525.0,145.83333333333334
spitfire_mk_vc_trop,Spitfire Mk Vc/trop,WarThunder_FactChecker2.xlsx,Spitfire,1000.0,64.0,43.0,548.0,152.22222222222223
spitfire_mk_vc_trop,Spitfire Mk Vc/trop,WarThunder_FactChecker2.xlsx,Spitfire,2000.0,126.0,87.0,566.0,157.22222222222223
spitfire_mk_vc_trop,Spitfire Mk Vc/trop,WarThunder_FactChecker2.xlsx,Spitfire,3000.0,187.0,136.0,564.0,156.66666666666666
spitfire_mk_vc_trop,Spitfire Mk Vc/trop,WarThunder_FactChecker2.xlsx,Spitfire,4000.0,247.0,190.0,561.0,155.83333333333334
spitfire_mk_vc_trop,Spitfire Mk Vc/trop,WarThunder_FactChecker2.xlsx,Spitfire,5000.0,316.0,253.0,553.0,153.61111111111111
spitfire_mk_vc_trop,Spitfire Mk Vc/trop,WarThunder_FactChecker2.xlsx,Spitfire,6000.0,399.0,329.0,540.0,150.0
spitfire_mk_vc,Spitfire Mk Vc,WarThunder_FactChecker2.xlsx,Spitfire,0.0,0.0,0.0,536.0,148.88888888888889
spitfire_mk_vc,Spitfire Mk Vc,WarThunder_FactChecker2.xlsx,Spitfire,1000.0,63.0,43.0,560.0,155.55555555555554
spitfire_mk_vc,Spitfire Mk Vc,WarThunder_FactChecker2.xlsx,Spitfire,2000.0,125.0,87.0,579.0,160.83333333333334
spitfire_mk_vc,Spitfire Mk Vc,WarThunder_FactChecker2.xlsx,Spitfire,3000.0,185.0,135.0,577.0,160.27777777777777
spitfire_mk_vc,Spitfire Mk Vc,WarThunder_FactChecker2.xlsx,Spitfire,4000.0,245.0,189.0,574.0,159.44444444444443
spitfire_mk_vc,Spitfire Mk Vc,WarThunder_FactChecker2.xlsx,Spitfire,5000.0,313.0,251.0,566.0,157.22222222222223
spitfire_mk_vc,Spitfire Mk Vc,WarThunder_FactChecker2.xlsx,Spitfire,6000.0,395.0,326.0,553.0,153.61111111111111
spitfire_f_mk_ix,Spitfire F. Mk IX,WarThunder_FactChecker2.xlsx,Spitfire,0.0,0.0,0.0,519.0,144.16666666666666
spitfire_f_mk_ix,Spitfire F. Mk IX,WarThunder_FactChecker2.xlsx,Spitfire,1000.0,57.0,47.0,540.0,150.0
spitfire_f_mk_ix,Spitfire F. Mk IX,WarThunder_FactChecker2.xlsx,Spitfire,2000.0,112.0,94.0,561.0,155.83333333333334
spitfire_f_mk_ix,Spitfire F. Mk IX,WarThunder_FactChecker2.xlsx,Spitfire,3000.0,167.0,140.0,583.0,161.94444444444443
spitfire_f_mk_ix,Spitfire F. Mk IX,WarThunder_FactChecker2.xlsx,Spitfire,4000.0,221.0,186.0,605.0,168.05555555555554
spitfire_f_mk_ix,Spitfire F. Mk IX,WarThunder_FactChecker2.xlsx,Spitfire,5000.0,281.0,237.0,614.0,170.55555555555554
spitfire_f_mk_ix,Spitfire F. Mk IX,WarThunder_FactChecker2.xlsx,Spitfire,6000.0,350.0,296.0,609.0,169.16666666666666
spitfire_f_mk_xvi,Spitfire F. Mk XVI,WarThunder_FactChecker2.xlsx,Spitfire,0.0,0.0,0.0,550.0,152.77777777777777
spitfire_f_mk_xvi,Spitfire F. Mk XVI,WarThunder_FactChecker2.xlsx,Spitfire,1000.0,59.0,44.0,570.0,158.33333333333334
spitfire_f_mk_xvi,Spitfire F. Mk XVI,WarThunder_FactChecker2.xlsx,Spitfire,2000.0,118.0,87.0,590.0,163.88888888888889
spitfire_f_mk_xvi,Spitfire F. Mk XVI,WarThunder_FactChecker2.xlsx,Spitfire,3000.0,176.0,132.0,605.0,168.05555555555554
spitfire_f_mk_xvi,Spitfire F. Mk XVI,WarThunder_FactChecker2.xlsx,Spitfire,4000.0,236.0,184.0,601.0,166.94444444444443
spitfire_f_mk_xvi,Spitfire F. Mk XVI,WarThunder_FactChecker2.xlsx,Spitfire,5000.0,307.0,238.0,609.0,169.16666666666666
spitfire_f_mk_xvi,Spitfire F. Mk XVI,WarThunder_FactChecker2.xlsx,Spitfire,6000.0,383.0,292.0,630.0,175.0
spitfire_lf_mk_ix,Spitfire LF. Mk IX,WarThunder_FactChecker2.xlsx,Spitfire,0.0,0.0,0.0,559.0,155.27777777777777
spitfire_lf_mk_ix,Spitfire LF. Mk IX,WarThunder_FactChecker2.xlsx,Spitfire,1000.0,54.0,40.0,580.0,161.11111111111111
spitfire_lf_mk_ix,Spitfire LF. Mk IX,WarThunder_FactChecker2.xlsx,Spitfire,2000.0,106.0,80.0,602.0,167.22222222222223
spitfire_lf_mk_ix,Spitfire LF. Mk IX,WarThunder_FactChecker2.xlsx,Spitfire,3000.0,158.0,120.0,621.0,172.5
spitfire_lf_mk_ix,Spitfire LF. Mk IX,WarThunder_FactChecker2.xlsx,Spitfire,4000.0,211.0,165.0,614.0,170.55555555555554
spitfire_lf_mk_ix,Spitfire LF. Mk IX,WarThunder_FactChecker2.xlsx,Spitfire,5000.0,270.0,210.0,635.0,176.38888888888889
spitfire_lf_mk_ix,Spitfire LF. Mk IX,WarThunder_FactChecker2.xlsx,Spitfire,6000.0,329.0,256.0,656.0,182.22222222222223
spitfire_f_mk_xive,Spitfire F Mk XIVe,WarThunder_FactChecker2.xlsx,Spitfire,0.0,0.0,0.0,573.0,159.16666666666666
spitfire_f_mk_xive,Spitfire F Mk XIVe,WarThunder_FactChecker2.xlsx,Spitfire,1000.0,60.0,40.0,598.0,166.11111111111111
spitfire_f_mk_xive,Spitfire F Mk XIVe,WarThunder_FactChecker2.xlsx,Spitfire,2000.0,118.0,78.0,622.0,172.77777777777777
spitfire_f_mk_xive,Spitfire F Mk XIVe,WarThunder_FactChecker2.xlsx,Spitfire,3000.0,175.0,116.0,647.0,179.72222222222223
spitfire_f_mk_xive,Spitfire F Mk XIVe,WarThunder_FactChecker2.xlsx,Spitfire,4000.0,231.0,160.0,656.0,182.22222222222223
spitfire_f_mk_xive,Spitfire F Mk XIVe,WarThunder_FactChecker2.xlsx,Spitfire,5000.0,289.0,208.0,648.0,180.0
spitfire_f_mk_xive,Spitfire F Mk XIVe,WarThunder_FactChecker2.xlsx,Spitfire,6000.0,358.0,255.0,668.0,185.55555555555554
spitfire_f_mk_xviiie,Spitfire F Mk XVIIIe,WarThunder_FactChecker2.xlsx,Spitfire,0.0,0.0,0.0,578.0,160.55555555555554
spitfire_f_mk_xviiie,Spitfire F Mk XVIIIe,WarThunder_FactChecker2.xlsx,Spitfire,1000.0,60.0,40.0,603.0,167.5
spitfire_f_mk_xviiie,Spitfire F Mk XVIIIe,WarThunder_FactChecker2.xlsx,Spitfire,2000.0,119.0,79.0,628.0,174.44444444444443
spitfire_f_mk_xviiie,Spitfire F Mk XVIIIe,WarThunder_FactChecker2.xlsx,Spitfire,3000.0,176.0,118.0,653.0,181.38888888888889
spitfire_f_mk_xviiie,Spitfire F Mk XVIIIe,WarThunder_FactChecker2.xlsx,Spitfire,4000.0,233.0,162.0,657.0,182.5
spitfire_f_mk_xviiie,Spitfire F Mk XVIIIe,WarThunder_FactChecker2.xlsx,Spitfire,5000.0,292.0,210.0,650.0,180.55555555555554
spitfire_f_mk_xviiie,Spitfire F Mk XVIIIe,WarThunder_FactChecker2.xlsx,Spitfire,6000.0,362.0,257.0,674.0,187.22222222222223
spitfire_f_mk_22,Spitfire F Mk 22,WarThunder_FactChecker2.xlsx,Spitfire,0.0,0.0,0.0,592.0,164.44444444444443
spitfire_f_mk_22,Spitfire F Mk 22,WarThunder_FactChecker2.xlsx,Spitfire,1000.0,64.0,42.0,618.0,171.66666666666666
spitfire_f_mk_22,Spitfire F Mk 22,WarThunder_FactChecker2.xlsx,Spitfire,2000.0,127.0,84.0,644.0,178.88888888888889
spitfire_f_mk_22,Spitfire F Mk 22,WarThunder_FactChecker2.xlsx,Spitfire,3000.0,188.0,125.0,670.0,186.11111111111111
spitfire_f_mk_22,Spitfire F Mk 22,WarThunder_FactChecker2.xlsx,Spitfire,4000.0,249.0,172.0,682.0,189.44444444444443
spitfire_f_mk_22,Spitfire F Mk 22,WarThunder_FactChecker2.xlsx,Spitfire,5000.0,313.0,223.0,676.0,187.77777777777777
spitfire_f_mk_22,Spitfire F Mk 22,WarThunder_FactChecker2.xlsx,Spitfire,6000.0,388.0,274.0,695.0,193.05555555555554
spitfire_f_mk_24,Spitfire F Mk 24,WarThunder_FactChecker2.xlsx,Spitfire,0.0,0.0,0.0,591.0,164.16666666666666
spitfire_f_mk_24,Spitfire F Mk 24,WarThunder_FactChecker2.xlsx,Spitfire,1000.0,64.0,42.0,617.0,171.38888888888889
spitfire_f_mk_24,Spitfire F Mk 24,WarThunder_FactChecker2.xlsx,Spitfire,2000.0,127.0,84.0,643.0,178.61111111111111
spitfire_f_mk_24,Spitfire F Mk 24,WarThunder_FactChecker2.xlsx,Spitfire,3000.0,189.0,125.0,669.0,185.83333333333334
spitfire_f_mk_24,Spitfire F Mk 24,WarThunder_FactChecker2.xlsx,Spitfire,4000.0,250.0,172.0,681.0,189.16666666666666
spitfire_f_mk_24,Spitfire F Mk 24,WarThunder_FactChecker2.xlsx,Spitfire,5000.0,313.0,224.0,675.0,187.5
spitfire_f_mk_24,Spitfire F Mk 24,WarThunder_FactChecker2.xlsx,Spitfire,6000.0,388.0,275.0,695.0,193.05555555555554
sea_hurricane_mk_ib,Sea Hurricane Mk IB,WarThunder_FactChecker2.xlsx,Fleet Air Arm,0.0,0.0,0.0,405.0,112.5
sea_hurricane_mk_ib,Sea Hurricane Mk IB,WarThunder_FactChecker2.xlsx,Fleet Air Arm,1000.0,78.0,50.0,423.0,117.5
sea_hurricane_mk_ib,Sea Hurricane Mk IB,WarThunder_FactChecker2.xlsx,Fleet Air Arm,2000.0,154.0,99.0,442.0,122.77777777777777
sea_hurricane_mk_ib,Sea Hurricane Mk IB,WarThunder_FactChecker2.xlsx,Fleet Air Arm,3000.0,228.0,150.0,461.0,128.05555555555554
sea_hurricane_mk_ib,Sea Hurricane Mk IB,WarThunder_FactChecker2.xlsx,Fleet Air Arm,4000.0,302.0,209.0,480.0,133.33333333333334
sea_hurricane_mk_ib,Sea Hurricane Mk IB,WarThunder_FactChecker2.xlsx,Fleet Air Arm,5000.0,376.0,,500.0,138.88888888888889
sea_hurricane_mk_ib,Sea Hurricane Mk IB,WarThunder_FactChecker2.xlsx,Fleet Air Arm,6000.0,457.0,,501.0,139.16666666666666
sea_hurricane_mk_ic,Sea Hurricane Mk IC,WarThunder_FactChecker2.xlsx,Fleet Air Arm,0.0,0.0,0.0,456.0,126.66666666666666
sea_hurricane_mk_ic,Sea Hurricane Mk IC,WarThunder_FactChecker2.xlsx,Fleet Air Arm,1000.0,82.0,52.0,476.0,132.22222222222223
sea_hurricane_mk_ic,Sea Hurricane Mk IC,WarThunder_FactChecker2.xlsx,Fleet Air Arm,2000.0,161.0,103.0,498.0,138.33333333333334
sea_hurricane_mk_ic,Sea Hurricane Mk IC,WarThunder_FactChecker2.xlsx,Fleet Air Arm,3000.0,239.0,156.0,513.0,142.5
sea_hurricane_mk_ic,Sea Hurricane Mk IC,WarThunder_FactChecker2.xlsx,Fleet Air Arm,4000.0,316.0,226.0,510.0,141.66666666666666
sea_hurricane_mk_ic,Sea Hurricane Mk IC,WarThunder_FactChecker2.xlsx,Fleet Air Arm,5000.0,394.0,,506.0,140.55555555555554
sea_hurricane_mk_ic,Sea Hurricane Mk IC,WarThunder_FactChecker2.xlsx,Fleet Air Arm,6000.0,479.0,,498.0,138.33333333333334
firefly_f_mk_i,Firefly F Mk I,WarThunder_FactChecker2.xlsx,Fleet Air Arm,0.0,0.0,0.0,455.0,126.38888888888889
firefly_f_mk_i,Firefly F Mk I,WarThunder_FactChecker2.xlsx,Fleet Air Arm,1000.0,95.0,76.0,476.0,132.22222222222223
firefly_f_mk_i,Firefly F Mk I,WarThunder_FactChecker2.xlsx,Fleet Air Arm,2000.0,186.0,151.0,496.0,137.77777777777777
firefly_f_mk_i,Firefly F Mk I,WarThunder_FactChecker2.xlsx,Fleet Air Arm,3000.0,283.0,235.0,493.0,136.94444444444443
firefly_f_mk_i,Firefly F Mk I,WarThunder_FactChecker2.xlsx,Fleet Air Arm,4000.0,393.0,323.0,506.0,140.55555555555554
firefly_f_mk_i,Firefly F Mk I,WarThunder_FactChecker2.xlsx,Fleet Air Arm,5000.0,505.0,418.0,511.0,141.94444444444443
firefly_f_mk_i,Firefly F Mk I,WarThunder_FactChecker2.xlsx,Fleet Air Arm,6000.0,642.0,536.0,501.0,139.16666666666666
firefly_fr_mk_v,Firefly FR Mk V,WarThunder_FactChecker2.xlsx,Fleet Air Arm,0.0,0.0,0.0,542.0,150.55555555555554
firefly_fr_mk_v,Firefly FR Mk V,WarThunder_FactChecker2.xlsx,Fleet Air Arm,1000.0,97.0,63.0,563.0,156.38888888888889
firefly_fr_mk_v,Firefly FR Mk V,WarThunder_FactChecker2.xlsx,Fleet Air Arm,2000.0,191.0,131.0,565.0,156.94444444444443
firefly_fr_mk_v,Firefly FR Mk V,WarThunder_FactChecker2.xlsx,Fleet Air Arm,3000.0,284.0,204.0,571.0,158.61111111111111
firefly_fr_mk_v,Firefly FR Mk V,WarThunder_FactChecker2.xlsx,Fleet Air Arm,4000.0,392.0,275.0,596.0,165.55555555555554
firefly_fr_mk_v,Firefly FR Mk V,WarThunder_FactChecker2.xlsx,Fleet Air Arm,5000.0,506.0,346.0,620.0,172.22222222222223
firefly_fr_mk_v,Firefly FR Mk V,WarThunder_FactChecker2.xlsx,Fleet Air Arm,6000.0,619.0,425.0,625.0,173.61111111111111
firebrand_tf_mk_iv,Firebrand TF Mk IV,WarThunder_FactChecker2.xlsx,Fleet Air Arm,0.0,0.0,0.0,506.0,140.55555555555554
firebrand_tf_mk_iv,Firebrand TF Mk IV,WarThunder_FactChecker2.xlsx,Fleet Air Arm,1000.0,75.0,61.0,526.0,146.11111111111111
firebrand_tf_mk_iv,Firebrand TF Mk IV,WarThunder_FactChecker2.xlsx,Fleet Air Arm,2000.0,152.0,124.0,538.0,149.44444444444443
firebrand_tf_mk_iv,Firebrand TF Mk IV,WarThunder_FactChecker2.xlsx,Fleet Air Arm,3000.0,241.0,196.0,533.0,148.05555555555554
firebrand_tf_mk_iv,Firebrand TF Mk IV,WarThunder_FactChecker2.xlsx,Fleet Air Arm,4000.0,330.0,269.0,554.0,153.88888888888889
firebrand_tf_mk_iv,Firebrand TF Mk IV,WarThunder_FactChecker2.xlsx,Fleet Air Arm,5000.0,425.0,348.0,564.0,156.66666666666666
firebrand_tf_mk_iv,Firebrand TF Mk IV,WarThunder_FactChecker2.xlsx,Fleet Air Arm,6000.0,542.0,444.0,556.0,154.44444444444443
seafire_mk_xvii,Seafire Mk XVII,WarThunder_FactChecker2.xlsx,Fleet Air Arm,0.0,0.0,0.0,572.0,158.88888888888889
seafire_mk_xvii,Seafire Mk XVII,WarThunder_FactChecker2.xlsx,Fleet Air Arm,1000.0,58.0,42.0,602.0,167.22222222222223
seafire_mk_xvii,Seafire Mk XVII,WarThunder_FactChecker2.xlsx,Fleet Air Arm,2000.0,113.0,87.0,615.0,170.83333333333334
seafire_mk_xvii,Seafire Mk XVII,WarThunder_FactChecker2.xlsx,Fleet Air Arm,3000.0,172.0,135.0,620.0,172.22222222222223
seafire_mk_xvii,Seafire Mk XVII,WarThunder_FactChecker2.xlsx,Fleet Air Arm,4000.0,237.0,183.0,645.0,179.16666666666666
seafire_mk_xvii,Seafire Mk XVII,WarThunder_FactChecker2.xlsx,Fleet Air Arm,5000.0,302.0,238.0,646.0,179.44444444444443
seafire_mk_xvii,Seafire Mk XVII,WarThunder_FactChecker2.xlsx,Fleet Air Arm,6000.0,380.0,302.0,637.0,176.94444444444443
seafire_fr_47,Seafire FR 47,WarThunder_FactChecker2.xlsx,Fleet Air Arm,0.0,0.0,0.0,568.0,157.77777777777777
seafire_fr_47,Seafire FR 47,WarThunder_FactChecker2.xlsx,Fleet Air Arm,1000.0,79.0,52.0,593.0,164.72222222222223
seafire_fr_47,Seafire FR 47,WarThunder_FactChecker2.xlsx,Fleet Air Arm,2000.0,156.0,102.0,619.0,171.94444444444443
seafire_fr_47,Seafire FR 47,WarThunder_FactChecker2.xlsx,Fleet Air Arm,3000.0,232.0,153.0,645.0,179.16666666666666
seafire_fr_47,Seafire FR 47,WarThunder_FactChecker2.xlsx,Fleet Air Arm,4000.0,308.0,210.0,654.0,181.66666666666666
seafire_fr_47,Seafire FR 47,WarThunder_FactChecker2.xlsx,Fleet Air Arm,5000.0,385.0,272.0,648.0,180.0
seafire_fr_47,Seafire FR 47,WarThunder_FactChecker2.xlsx,Fleet Air Arm,6000.0,480.0,334.0,673.0,186.94444444444443
sea_fury_fb_11,Sea Fury FB 11,WarThunder_FactChecker2.xlsx,Fleet Air Arm,0.0,0.0,0.0,620.0,172.22222222222223
sea_fury_fb_11,Sea Fury FB 11,WarThunder_FactChecker2.xlsx,Fleet Air Arm,1000.0,55.0,44.0,647.0,179.72222222222223
sea_fury_fb_11,Sea Fury FB 11,WarThunder_FactChecker2.xlsx,Fleet Air Arm,2000.0,108.0,89.0,672.0,186.66666666666666
sea_fury_fb_11,Sea Fury FB 11,WarThunder_FactChecker2.xlsx,Fleet Air Arm,3000.0,169.0,139.0,672.0,186.66666666666666
sea_fury_fb_11,Sea Fury FB 11,WarThunder_FactChecker2.xlsx,Fleet Air Arm,4000.0,233.0,192.0,675.0,187.5
sea_fury_fb_11,Sea Fury FB 11,WarThunder_FactChecker2.xlsx,Fleet Air Arm,5000.0,297.0,244.0,701.0,194.72222222222223
sea_fury_fb_11,Sea Fury FB 11,WarThunder_FactChecker2.xlsx,Fleet Air Arm,6000.0,361.0,298.0,727.0,201.94444444444443
beaufighter_mk_vic,Beaufighter Mk VIc,WarThunder_FactChecker2.xlsx,Britain Heavy Fighters,0.0,0.0,0.0,481.0,133.61111111111111
beaufighter_mk_vic,Beaufighter Mk VIc,WarThunder_FactChecker2.xlsx,Britain Heavy Fighters,1000.0,77.0,56.0,502.0,139.44444444444443
beaufighter_mk_vic,Beaufighter Mk VIc,WarThunder_FactChecker2.xlsx,Britain Heavy Fighters,2000.0,155.0,112.0,523.0,145.27777777777777
beaufighter_mk_vic,Beaufighter Mk VIc,WarThunder_FactChecker2.xlsx,Britain Heavy Fighters,3000.0,245.0,172.0,529.0,146.94444444444443
beaufighter_mk_vic,Beaufighter Mk VIc,WarThunder_FactChecker2.xlsx,Britain Heavy Fighters,4000.0,340.0,241.0,527.0,146.38888888888889
beaufighter_mk_vic,Beaufighter Mk VIc,WarThunder_FactChecker2.xlsx,Britain Heavy Fighters,5000.0,441.0,312.0,548.0,152.22222222222223
beaufighter_mk_vic,Beaufighter Mk VIc,WarThunder_FactChecker2.xlsx,Britain Heavy Fighters,6000.0,569.0,394.0,548.0,152.22222222222223
beaufighter_mk_x,Beaufighter Mk X,WarThunder_FactChecker2.xlsx,Britain Heavy Fighters,0.0,0.0,0.0,507.0,140.83333333333334
beaufighter_mk_x,Beaufighter Mk X,WarThunder_FactChecker2.xlsx,Britain Heavy Fighters,1000.0,87.0,61.0,522.0,145.0
beaufighter_mk_x,Beaufighter Mk X,WarThunder_FactChecker2.xlsx,Britain Heavy Fighters,2000.0,186.0,131.0,516.0,143.33333333333334
beaufighter_mk_x,Beaufighter Mk X,WarThunder_FactChecker2.xlsx,Britain Heavy Fighters,3000.0,289.0,204.0,534.0,148.33333333333334
beaufighter_mk_x,Beaufighter Mk X,WarThunder_FactChecker2.xlsx,Britain Heavy Fighters,4000.0,407.0,290.0,528.0,146.66666666666666
beaufighter_mk_x,Beaufighter Mk X,WarThunder_FactChecker2.xlsx,Britain Heavy Fighters,5000.0,560.0,396.0,517.0,143.61111111111111
beaufighter_mk_x,Beaufighter Mk X,WarThunder_FactChecker2.xlsx,Britain Heavy Fighters,6000.0,777.0,536.0,503.0,139.72222222222223
beaufighter_mk_21,Beaufighter Mk 21,WarThunder_FactChecker2.xlsx,Britain Heavy Fighters,0.0,0.0,0.0,498.0,138.33333333333334
beaufighter_mk_21,Beaufighter Mk 21,WarThunder_FactChecker2.xlsx,Britain Heavy Fighters,1000.0,78.0,58.0,521.0,144.72222222222223
beaufighter_mk_21,Beaufighter Mk 21,WarThunder_FactChecker2.xlsx,Britain Heavy Fighters,2000.0,168.0,123.0,514.0,142.77777777777777
beaufighter_mk_21,Beaufighter Mk 21,WarThunder_FactChecker2.xlsx,Britain Heavy Fighters,3000.0,259.0,188.0,538.0,149.44444444444443
beaufighter_mk_21,Beaufighter Mk 21,WarThunder_FactChecker2.xlsx,Britain Heavy Fighters,4000.0,368.0,265.0,531.0,147.5
beaufighter_mk_21,Beaufighter Mk 21,WarThunder_FactChecker2.xlsx,Britain Heavy Fighters,5000.0,508.0,360.0,521.0,144.72222222222223
beaufighter_mk_21,Beaufighter Mk 21,WarThunder_FactChecker2.xlsx,Britain Heavy Fighters,6000.0,706.0,486.0,506.0,140.55555555555554
whirlwind_mk_i,Whirlwind Mk I,WarThunder_FactChecker2.xlsx,Britain Heavy Fighters,0.0,0.0,0.0,497.0,138.05555555555554
whirlwind_mk_i,Whirlwind Mk I,WarThunder_FactChecker2.xlsx,Britain Heavy Fighters,1000.0,64.0,58.0,517.0,143.61111111111111
whirlwind_mk_i,Whirlwind Mk I,WarThunder_FactChecker2.xlsx,Britain Heavy Fighters,2000.0,129.0,116.0,537.0,149.16666666666666
whirlwind_mk_i,Whirlwind Mk I,WarThunder_FactChecker2.xlsx,Britain Heavy Fighters,3000.0,194.0,175.0,557.0,154.72222222222223
whirlwind_mk_i,Whirlwind Mk I,WarThunder_FactChecker2.xlsx,Britain Heavy Fighters,4000.0,261.0,234.0,579.0,160.83333333333334
whirlwind_mk_i,Whirlwind Mk I,WarThunder_FactChecker2.xlsx,Britain Heavy Fighters,5000.0,332.0,297.0,598.0,166.11111111111111
whirlwind_mk_i,Whirlwind Mk I,WarThunder_FactChecker2.xlsx,Britain Heavy Fighters,6000.0,414.0,369.0,591.0,164.16666666666666
mosquito_fb_mk_vi,Mosquito FB Mk VI,WarThunder_FactChecker2.xlsx,Britain Heavy Fighters,0.0,0.0,0.0,572.0,158.88888888888889
mosquito_fb_mk_vi,Mosquito FB Mk VI,WarThunder_FactChecker2.xlsx,Britain Heavy Fighters,1000.0,80.0,53.0,595.0,165.27777777777777
mosquito_fb_mk_vi,Mosquito FB Mk VI,WarThunder_FactChecker2.xlsx,Britain Heavy Fighters,2000.0,158.0,107.0,603.0,167.5
mosquito_fb_mk_vi,Mosquito FB Mk VI,WarThunder_FactChecker2.xlsx,Britain Heavy Fighters,3000.0,236.0,167.0,607.0,168.61111111111111
mosquito_fb_mk_vi,Mosquito FB Mk VI,WarThunder_FactChecker2.xlsx,Britain Heavy Fighters,4000.0,321.0,229.0,625.0,173.61111111111111
mosquito_fb_mk_vi,Mosquito FB Mk VI,WarThunder_FactChecker2.xlsx,Britain Heavy Fighters,5000.0,415.0,298.0,623.0,173.05555555555554
mosquito_fb_mk_vi,Mosquito FB Mk VI,WarThunder_FactChecker2.xlsx,Britain Heavy Fighters,6000.0,515.0,381.0,614.0,170.55555555555554
mosquito_fb_mk_xviii,Mosquito FB Mk XVIII,WarThunder_FactChecker2.xlsx,Britain Heavy Fighters,0.0,0.0,0.0,552.0,153.33333333333334
mosquito_fb_mk_xviii,Mosquito FB Mk XVIII,WarThunder_FactChecker2.xlsx,Britain Heavy Fighters,1000.0,82.0,54.0,573.0,159.16666666666666
mosquito_fb_mk_xviii,Mosquito FB Mk XVIII,WarThunder_FactChecker2.xlsx,Britain Heavy Fighters,2000.0,163.0,109.0,581.0,161.38888888888889
mosquito_fb_mk_xviii,Mosquito FB Mk XVIII,WarThunder_FactChecker2.xlsx,Britain Heavy Fighters,3000.0,243.0,171.0,585.0,162.5
mosquito_fb_mk_xviii,Mosquito FB Mk XVIII,WarThunder_FactChecker2.xlsx,Britain Heavy Fighters,4000.0,330.0,234.0,602.0,167.22222222222223
mosquito_fb_mk_xviii,Mosquito FB Mk XVIII,WarThunder_FactChecker2.xlsx,Britain Heavy Fighters,5000.0,427.0,305.0,600.0,166.66666666666666
mosquito_fb_mk_xviii,Mosquito FB Mk XVIII,WarThunder_FactChecker2.xlsx,Britain Heavy Fighters,6000.0,531.0,391.0,590.0,163.88888888888889
hornet_mk_iii,Hornet Mk. III,WarThunder_FactChecker2.xlsx,Britain Heavy Fighters,0.0,0.0,0.0,642.0,178.33333333333334
hornet_mk_iii,Hornet Mk. III,WarThunder_FactChecker2.xlsx,Britain Heavy Fighters,1000.0,57.0,38.0,668.0,185.55555555555554
hornet_mk_iii,Hornet Mk. III,WarThunder_FactChecker2.xlsx,Britain Heavy Fighters,2000.0,113.0,77.0,695.0,193.05555555555554
hornet_mk_iii,Hornet Mk. III,WarThunder_FactChecker2.xlsx,Britain Heavy Fighters,3000.0,169.0,122.0,702.0,195.0
hornet_mk_iii,Hornet Mk. III,WarThunder_FactChecker2.xlsx,Britain Heavy Fighters,4000.0,232.0,167.0,700.0,194.44444444444443
hornet_mk_iii,Hornet Mk. III,WarThunder_FactChecker2.xlsx,Britain Heavy Fighters,5000.0,298.0,212.0,729.0,202.5
hornet_mk_iii,Hornet Mk. III,WarThunder_FactChecker2.xlsx,Britain Heavy Fighters,6000.0,364.0,259.0,759.0,210.83333333333331
boomerang_mk_i,Boomerang Mk I,WarThunder_FactChecker2.xlsx,Britain National Premiums,0.0,0.0,0.0,443.0,123.05555555555556
boomerang_mk_i,Boomerang Mk I,WarThunder_FactChecker2.xlsx,Britain National Premiums,1000.0,67.0,60.0,456.0,126.66666666666666
boomerang_mk_i,Boomerang Mk I,WarThunder_FactChecker2.xlsx,Britain National Premiums,2000.0,134.0,122.0,470.0,130.55555555555554
boomerang_mk_i,Boomerang Mk I,WarThunder_FactChecker2.xlsx,Britain National Premiums,3000.0,206.0,186.0,479.0,133.05555555555554
boomerang_mk_i,Boomerang Mk I,WarThunder_FactChecker2.xlsx,Britain National Premiums,4000.0,285.0,257.0,483.0,134.16666666666666
boomerang_mk_i,Boomerang Mk I,WarThunder_FactChecker2.xlsx,Britain National Premiums,5000.0,370.0,332.0,493.0,136.94444444444443
boomerang_mk_i,Boomerang Mk I,WarThunder_FactChecker2.xlsx,Britain National Premiums,6000.0,473.0,423.0,486.0,135.0
boomerang_mk_ii,Boomerang Mk II,WarThunder_FactChecker2.xlsx,Britain National Premiums,0.0,0.0,0.0,443.0,123.05555555555556
boomerang_mk_ii,Boomerang Mk II,WarThunder_FactChecker2.xlsx,Britain National Premiums,1000.0,67.0,60.0,456.0,126.66666666666666
boomerang_mk_ii,Boomerang Mk II,WarThunder_FactChecker2.xlsx,Britain National Premiums,2000.0,134.0,122.0,470.0,130.55555555555554
boomerang_mk_ii,Boomerang Mk II,WarThunder_FactChecker2.xlsx,Britain National Premiums,3000.0,206.0,186.0,479.0,133.05555555555554
boomerang_mk_ii,Boomerang Mk II,WarThunder_FactChecker2.xlsx,Britain National Premiums,4000.0,285.0,257.0,483.0,134.16666666666666
boomerang_mk_ii,Boomerang Mk II,WarThunder_FactChecker2.xlsx,Britain National Premiums,5000.0,370.0,332.0,493.0,136.94444444444443
boomerang_mk_ii,Boomerang Mk II,WarThunder_FactChecker2.xlsx,Britain National Premiums,6000.0,473.0,423.0,486.0,135.0
typhoon_mk_ib,Typhoon Mk Ib,WarThunder_FactChecker2.xlsx,Britain National Premiums,0.0,0.0,0.0,566.0,157.22222222222223
typhoon_mk_ib,Typhoon Mk Ib,WarThunder_FactChecker2.xlsx,Britain National Premiums,1000.0,62.0,56.0,589.0,163.61111111111111
typhoon_mk_ib,Typhoon Mk Ib,WarThunder_FactChecker2.xlsx,Britain National Premiums,2000.0,124.0,113.0,612.0,170.0
typhoon_mk_ib,Typhoon Mk Ib,WarThunder_FactChecker2.xlsx,Britain National Premiums,3000.0,193.0,176.0,620.0,172.22222222222223
typhoon_mk_ib,Typhoon Mk Ib,WarThunder_FactChecker2.xlsx,Britain National Premiums,4000.0,271.0,246.0,617.0,171.38888888888889
typhoon_mk_ib,Typhoon Mk Ib,WarThunder_FactChecker2.xlsx,Britain National Premiums,5000.0,353.0,320.0,630.0,175.0
typhoon_mk_ib,Typhoon Mk Ib,WarThunder_FactChecker2.xlsx,Britain National Premiums,6000.0,442.0,400.0,650.0,180.55555555555554
wyvern_s4,Wyvern S4,WarThunder_FactChecker2.xlsx,Britain National Premiums,0.0,0.0,0.0,654.0,181.66666666666666
wyvern_s4,Wyvern S4,WarThunder_FactChecker2.xlsx,Britain National Premiums,1000.0,43.0,37.0,655.0,181.94444444444443
wyvern_s4,Wyvern S4,WarThunder_FactChecker2.xlsx,Britain National Premiums,2000.0,91.0,79.0,656.0,182.22222222222223
wyvern_s4,Wyvern S4,WarThunder_FactChecker2.xlsx,Britain National Premiums,3000.0,145.0,125.0,657.0,182.5
wyvern_s4,Wyvern S4,WarThunder_FactChecker2.xlsx,Britain National Premiums,4000.0,206.0,176.0,657.0,182.5
wyvern_s4,Wyvern S4,WarThunder_FactChecker2.xlsx,Britain National Premiums,5000.0,276.0,234.0,655.0,181.94444444444443
wyvern_s4,Wyvern S4,WarThunder_FactChecker2.xlsx,Britain National Premiums,6000.0,358.0,301.0,653.0,181.38888888888889
mb_5,MB.5,WarThunder_FactChecker2.xlsx,Britain National Premiums,0.0,0.0,0.0,636.0,176.66666666666666
mb_5,MB.5,WarThunder_FactChecker2.xlsx,Britain National Premiums,1000.0,55.0,45.0,668.0,185.55555555555554
mb_5,MB.5,WarThunder_FactChecker2.xlsx,Britain National Premiums,2000.0,108.0,93.0,681.0,189.16666666666666
mb_5,MB.5,WarThunder_FactChecker2.xlsx,Britain National Premiums,3000.0,163.0,147.0,685.0,190.27777777777777
mb_5,MB.5,WarThunder_FactChecker2.xlsx,Britain National Premiums,4000.0,228.0,200.0,698.0,193.88888888888889
mb_5,MB.5,WarThunder_FactChecker2.xlsx,Britain National Premiums,5000.0,294.0,253.0,726.0,201.66666666666666
mb_5,MB.5,WarThunder_FactChecker2.xlsx,Britain National Premiums,6000.0,361.0,311.0,746.0,207.22222222222223
plagis_spitfire_lf_mk_ixc,Plagis' Spitfire LF. Mk IXc,WarThunder_FactChecker2.xlsx,Britain National Premiums,0.0,0.0,0.0,559.0,155.27777777777777
plagis_spitfire_lf_mk_ixc,Plagis' Spitfire LF. Mk IXc,WarThunder_FactChecker2.xlsx,Britain National Premiums,1000.0,53.0,40.0,580.0,161.11111111111111
plagis_spitfire_lf_mk_ixc,Plagis' Spitfire LF. Mk IXc,WarThunder_FactChecker2.xlsx,Britain National Premiums,2000.0,106.0,79.0,602.0,167.22222222222223
plagis_spitfire_lf_mk_ixc,Plagis' Spitfire LF. Mk IXc,WarThunder_FactChecker2.xlsx,Britain National Premiums,3000.0,157.0,120.0,621.0,172.5
plagis_spitfire_lf_mk_ixc,Plagis' Spitfire LF. Mk IXc,WarThunder_FactChecker2.xlsx,Britain National Premiums,4000.0,210.0,165.0,614.0,170.55555555555554
plagis_spitfire_lf_mk_ixc,Plagis' Spitfire LF. Mk IXc,WarThunder_FactChecker2.xlsx,Britain National Premiums,5000.0,269.0,209.0,635.0,176.38888888888889
plagis_spitfire_lf_mk_ixc,Plagis' Spitfire LF. Mk IXc,WarThunder_FactChecker2.xlsx,Britain National Premiums,6000.0,327.0,255.0,656.0,182.22222222222223
spitfire_f_mk_xivc,Spitfire F Mk XIVc,WarThunder_FactChecker2.xlsx,Britain National Premiums,0.0,0.0,0.0,576.0,160.0
spitfire_f_mk_xivc,Spitfire F Mk XIVc,WarThunder_FactChecker2.xlsx,Britain National Premiums,1000.0,59.0,39.0,602.0,167.22222222222223
spitfire_f_mk_xivc,Spitfire F Mk XIVc,WarThunder_FactChecker2.xlsx,Britain National Premiums,2000.0,117.0,78.0,626.0,173.88888888888889
spitfire_f_mk_xivc,Spitfire F Mk XIVc,WarThunder_FactChecker2.xlsx,Britain National Premiums,3000.0,173.0,116.0,651.0,180.83333333333334
spitfire_f_mk_xivc,Spitfire F Mk XIVc,WarThunder_FactChecker2.xlsx,Britain National Premiums,4000.0,228.0,159.0,660.0,183.33333333333334
spitfire_f_mk_xivc,Spitfire F Mk XIVc,WarThunder_FactChecker2.xlsx,Britain National Premiums,5000.0,285.0,207.0,653.0,181.38888888888889
spitfire_f_mk_xivc,Spitfire F Mk XIVc,WarThunder_FactChecker2.xlsx,Britain National Premiums,6000.0,352.0,254.0,672.0,186.66666666666666
spitfire_fr_mk_xive,Spitfire FR Mk XIVe,WarThunder_FactChecker2.xlsx,Britain National Premiums,0.0,0.0,0.0,577.0,160.27777777777777
spitfire_fr_mk_xive,Spitfire FR Mk XIVe,WarThunder_FactChecker2.xlsx,Britain National Premiums,1000.0,63.0,41.0,602.0,167.22222222222223
spitfire_fr_mk_xive,Spitfire FR Mk XIVe,WarThunder_FactChecker2.xlsx,Britain National Premiums,2000.0,124.0,80.0,628.0,174.44444444444443
spitfire_fr_mk_xive,Spitfire FR Mk XIVe,WarThunder_FactChecker2.xlsx,Britain National Premiums,3000.0,184.0,120.0,653.0,181.38888888888889
spitfire_fr_mk_xive,Spitfire FR Mk XIVe,WarThunder_FactChecker2.xlsx,Britain National Premiums,4000.0,244.0,165.0,663.0,184.16666666666666
spitfire_fr_mk_xive,Spitfire FR Mk XIVe,WarThunder_FactChecker2.xlsx,Britain National Premiums,5000.0,305.0,215.0,656.0,182.22222222222223
spitfire_fr_mk_xive,Spitfire FR Mk XIVe,WarThunder_FactChecker2.xlsx,Britain National Premiums,6000.0,380.0,264.0,677.0,188.05555555555554
corsair_f_mk_ii,Corsair F.Mk.II,WarThunder_FactChecker2.xlsx,Britain Foreign Premiums,0.0,0.0,0.0,600.0,166.66666666666666
corsair_f_mk_ii,Corsair F.Mk.II,WarThunder_FactChecker2.xlsx,Britain Foreign Premiums,1000.0,59.0,54.0,603.0,167.5
corsair_f_mk_ii,Corsair F.Mk.II,WarThunder_FactChecker2.xlsx,Britain Foreign Premiums,2000.0,124.0,108.0,622.0,172.77777777777777
corsair_f_mk_ii,Corsair F.Mk.II,WarThunder_FactChecker2.xlsx,Britain Foreign Premiums,3000.0,190.0,163.0,644.0,178.88888888888889
corsair_f_mk_ii,Corsair F.Mk.II,WarThunder_FactChecker2.xlsx,Britain Foreign Premiums,4000.0,257.0,218.0,667.0,185.27777777777777
corsair_f_mk_ii,Corsair F.Mk.II,WarThunder_FactChecker2.xlsx,Britain Foreign Premiums,5000.0,325.0,278.0,680.0,188.88888888888889
corsair_f_mk_ii,Corsair F.Mk.II,WarThunder_FactChecker2.xlsx,Britain Foreign Premiums,6000.0,401.0,342.0,696.0,193.33333333333331
hellcat_mk_ii,Hellcat Mk II,WarThunder_FactChecker2.xlsx,Britain Foreign Premiums,0.0,0.0,0.0,583.0,161.94444444444443
hellcat_mk_ii,Hellcat Mk II,WarThunder_FactChecker2.xlsx,Britain Foreign Premiums,1000.0,59.0,56.0,579.0,160.83333333333334
hellcat_mk_ii,Hellcat Mk II,WarThunder_FactChecker2.xlsx,Britain Foreign Premiums,2000.0,124.0,114.0,596.0,165.55555555555554
hellcat_mk_ii,Hellcat Mk II,WarThunder_FactChecker2.xlsx,Britain Foreign Premiums,3000.0,192.0,172.0,614.0,170.55555555555554
hellcat_mk_ii,Hellcat Mk II,WarThunder_FactChecker2.xlsx,Britain Foreign Premiums,4000.0,261.0,231.0,634.0,176.11111111111111
hellcat_mk_ii,Hellcat Mk II,WarThunder_FactChecker2.xlsx,Britain Foreign Premiums,5000.0,331.0,295.0,642.0,178.33333333333334
hellcat_mk_ii,Hellcat Mk II,WarThunder_FactChecker2.xlsx,Britain Foreign Premiums,6000.0,410.0,366.0,650.0,180.55555555555554
mustang_mk_ia,Mustang Mk IA,WarThunder_FactChecker2.xlsx,Britain Foreign Premiums,0.0,0.0,0.0,582.0,161.66666666666666
mustang_mk_ia,Mustang Mk IA,WarThunder_FactChecker2.xlsx,Britain Foreign Premiums,1000.0,73.0,49.0,605.0,168.05555555555554
mustang_mk_ia,Mustang Mk IA,WarThunder_FactChecker2.xlsx,Britain Foreign Premiums,2000.0,145.0,98.0,629.0,174.72222222222223
mustang_mk_ia,Mustang Mk IA,WarThunder_FactChecker2.xlsx,Britain Foreign Premiums,3000.0,216.0,149.0,640.0,177.77777777777777
mustang_mk_ia,Mustang Mk IA,WarThunder_FactChecker2.xlsx,Britain Foreign Premiums,4000.0,287.0,208.0,632.0,175.55555555555554
mustang_mk_ia,Mustang Mk IA,WarThunder_FactChecker2.xlsx,Britain Foreign Premiums,5000.0,369.0,279.0,624.0,173.33333333333334
mustang_mk_ia,Mustang Mk IA,WarThunder_FactChecker2.xlsx,Britain Foreign Premiums,6000.0,471.0,366.0,611.0,169.72222222222223
a5m4,A5M4,WarThunder_FactChecker2.xlsx,IJNAF,0.0,0.0,0.0,396.0,110.0
a5m4,A5M4,WarThunder_FactChecker2.xlsx,IJNAF,1000.0,67.0,57.0,415.0,115.27777777777777
a5m4,A5M4,WarThunder_FactChecker2.xlsx,IJNAF,2000.0,132.0,113.0,435.0,120.83333333333333
a5m4,A5M4,WarThunder_FactChecker2.xlsx,IJNAF,3000.0,200.0,175.0,436.0,121.11111111111111
a5m4,A5M4,WarThunder_FactChecker2.xlsx,IJNAF,4000.0,277.0,248.0,430.0,119.44444444444444
a5m4,A5M4,WarThunder_FactChecker2.xlsx,IJNAF,5000.0,489.0,336.0,424.0,117.77777777777777
a5m4,A5M4,WarThunder_FactChecker2.xlsx,IJNAF,6000.0,483.0,445.0,418.0,116.11111111111111
a6m2_n,A6M2-N,WarThunder_FactChecker2.xlsx,IJNAF,0.0,0.0,0.0,380.0,105.55555555555556
a6m2_n,A6M2-N,WarThunder_FactChecker2.xlsx,IJNAF,1000.0,65.0,56.0,396.0,110.0
a6m2_n,A6M2-N,WarThunder_FactChecker2.xlsx,IJNAF,2000.0,127.0,111.0,415.0,115.27777777777777
a6m2_n,A6M2-N,WarThunder_FactChecker2.xlsx,IJNAF,3000.0,189.0,166.0,433.0,120.27777777777777
a6m2_n,A6M2-N,WarThunder_FactChecker2.xlsx,IJNAF,4000.0,251.0,224.0,443.0,123.05555555555556
a6m2_n,A6M2-N,WarThunder_FactChecker2.xlsx,IJNAF,5000.0,321.0,293.0,438.0,121.66666666666666
a6m2_n,A6M2-N,WarThunder_FactChecker2.xlsx,IJNAF,6000.0,406.0,374.0,431.0,119.72222222222221
n1k1_kyuofu,N1K1 Kyuofu,WarThunder_FactChecker2.xlsx,IJNAF,0.0,0.0,0.0,427.0,118.61111111111111
n1k1_kyuofu,N1K1 Kyuofu,WarThunder_FactChecker2.xlsx,IJNAF,1000.0,58.0,50.0,251.0,69.72222222222221
n1k1_kyuofu,N1K1 Kyuofu,WarThunder_FactChecker2.xlsx,IJNAF,2000.0,111.0,98.0,473.0,131.38888888888889
n1k1_kyuofu,N1K1 Kyuofu,WarThunder_FactChecker2.xlsx,IJNAF,3000.0,170.0,151.0,472.0,131.11111111111111
n1k1_kyuofu,N1K1 Kyuofu,WarThunder_FactChecker2.xlsx,IJNAF,4000.0,234.0,207.0,488.0,135.55555555555554
n1k1_kyuofu,N1K1 Kyuofu,WarThunder_FactChecker2.xlsx,IJNAF,5000.0,315.0,321.0,504.0,140.0
n1k1_kyuofu,N1K1 Kyuofu,WarThunder_FactChecker2.xlsx,IJNAF,6000.0,472.0,454.0,502.0,139.44444444444443
a6m2_mod_11,A6M2 mod. 11,WarThunder_FactChecker2.xlsx,IJNAF,0.0,0.0,0.0,450.0,125.0
a6m2_mod_11,A6M2 mod. 11,WarThunder_FactChecker2.xlsx,IJNAF,1000.0,58.0,51.0,471.0,130.83333333333334
a6m2_mod_11,A6M2 mod. 11,WarThunder_FactChecker2.xlsx,IJNAF,2000.0,115.0,100.0,492.0,136.66666666666666
a6m2_mod_11,A6M2 mod. 11,WarThunder_FactChecker2.xlsx,IJNAF,3000.0,170.0,149.0,514.0,142.77777777777777
a6m2_mod_11,A6M2 mod. 11,WarThunder_FactChecker2.xlsx,IJNAF,4000.0,226.0,201.0,535.0,148.61111111111111
a6m2_mod_11,A6M2 mod. 11,WarThunder_FactChecker2.xlsx,IJNAF,5000.0,289.0,260.0,531.0,147.5
a6m2_mod_11,A6M2 mod. 11,WarThunder_FactChecker2.xlsx,IJNAF,6000.0,365.0,331.0,523.0,145.27777777777777
a6m2,A6M2,WarThunder_FactChecker2.xlsx,IJNAF,0.0,0.0,0.0,442.0,122.77777777777777
a6m2,A6M2,WarThunder_FactChecker2.xlsx,IJNAF,1000.0,60.0,53.0,463.0,128.61111111111111
a6m2,A6M2,WarThunder_FactChecker2.xlsx,IJNAF,2000.0,119.0,104.0,483.0,134.16666666666666
a6m2,A6M2,WarThunder_FactChecker2.xlsx,IJNAF,3000.0,176.0,155.0,505.0,140.27777777777777
a6m2,A6M2,WarThunder_FactChecker2.xlsx,IJNAF,4000.0,234.0,208.0,525.0,145.83333333333334
a6m2,A6M2,WarThunder_FactChecker2.xlsx,IJNAF,5000.0,300.0,270.0,520.0,144.44444444444443
a6m2,A6M2,WarThunder_FactChecker2.xlsx,IJNAF,6000.0,379.0,344.0,513.0,142.5
j2m2,J2M2,WarThunder_FactChecker2.xlsx,IJNAF,0.0,0.0,0.0,554.0,153.88888888888889
j2m2,J2M2,WarThunder_FactChecker2.xlsx,IJNAF,1000.0,43.0,35.0,572.0,158.88888888888889
j2m2,J2M2,WarThunder_FactChecker2.xlsx,IJNAF,2000.0,87.0,71.0,587.0,163.05555555555554
j2m2,J2M2,WarThunder_FactChecker2.xlsx,IJNAF,3000.0,134.0,110.0,588.0,163.33333333333334
j2m2,J2M2,WarThunder_FactChecker2.xlsx,IJNAF,4000.0,184.0,150.0,607.0,168.61111111111111
j2m2,J2M2,WarThunder_FactChecker2.xlsx,IJNAF,5000.0,235.0,192.0,624.0,173.33333333333334
j2m2,J2M2,WarThunder_FactChecker2.xlsx,IJNAF,6000.0,291.0,240.0,616.0,171.11111111111111
a6m3,A6M3,WarThunder_FactChecker2.xlsx,IJNAF,0.0,0.0,0.0,469.0,130.27777777777777
a6m3,A6M3,WarThunder_FactChecker2.xlsx,IJNAF,1000.0,53.0,46.0,491.0,136.38888888888889
a6m3,A6M3,WarThunder_FactChecker2.xlsx,IJNAF,2000.0,104.0,93.0,513.0,142.5
a6m3,A6M3,WarThunder_FactChecker2.xlsx,IJNAF,3000.0,158.0,145.0,514.0,142.77777777777777
a6m3,A6M3,WarThunder_FactChecker2.xlsx,IJNAF,4000.0,219.0,199.0,520.0,144.44444444444443
a6m3,A6M3,WarThunder_FactChecker2.xlsx,IJNAF,5000.0,281.0,255.0,542.0,150.55555555555554
a6m3,A6M3,WarThunder_FactChecker2.xlsx,IJNAF,6000.0,347.0,320.0,549.0,152.5
a6m3_mod_22,A6M3 mod. 22,WarThunder_FactChecker2.xlsx,IJNAF,0.0,0.0,0.0,472.0,131.11111111111111
a6m3_mod_22,A6M3 mod. 22,WarThunder_FactChecker2.xlsx,IJNAF,1000.0,53.0,47.0,494.0,137.22222222222223
a6m3_mod_22,A6M3 mod. 22,WarThunder_FactChecker2.xlsx,IJNAF,2000.0,105.0,94.0,513.0,142.5
a6m3_mod_22,A6M3 mod. 22,WarThunder_FactChecker2.xlsx,IJNAF,3000.0,159.0,147.0,512.0,142.22222222222223
a6m3_mod_22,A6M3 mod. 22,WarThunder_FactChecker2.xlsx,IJNAF,4000.0,221.0,201.0,523.0,145.27777777777777
a6m3_mod_22,A6M3 mod. 22,WarThunder_FactChecker2.xlsx,IJNAF,5000.0,283.0,258.0,545.0,151.38888888888889
a6m3_mod_22,A6M3 mod. 22,WarThunder_FactChecker2.xlsx,IJNAF,6000.0,350.0,322.0,546.0,151.66666666666666
a6m3_mod_22ko,A6M3 mod. 22Ko,WarThunder_FactChecker2.xlsx,IJNAF,0.0,0.0,0.0,472.0,131.11111111111111
a6m3_mod_22ko,A6M3 mod. 22Ko,WarThunder_FactChecker2.xlsx,IJNAF,1000.0,53.0,47.0,494.0,137.22222222222223
a6m3_mod_22ko,A6M3 mod. 22Ko,WarThunder_FactChecker2.xlsx,IJNAF,2000.0,105.0,94.0,513.0,142.5
a6m3_mod_22ko,A6M3 mod. 22Ko,WarThunder_FactChecker2.xlsx,IJNAF,3000.0,159.0,147.0,512.0,142.22222222222223
a6m3_mod_22ko,A6M3 mod. 22Ko,WarThunder_FactChecker2.xlsx,IJNAF,4000.0,220.0,201.0,523.0,145.27777777777777
a6m3_mod_22ko,A6M3 mod. 22Ko,WarThunder_FactChecker2.xlsx,IJNAF,5000.0,283.0,258.0,545.0,151.38888888888889
a6m3_mod_22ko,A6M3 mod. 22Ko,WarThunder_FactChecker2.xlsx,IJNAF,6000.0,350.0,322.0,546.0,151.66666666666666
a6m5,A6M5,WarThunder_FactChecker2.xlsx,IJNAF,0.0,0.0,0.0,494.0,137.22222222222223
a6m5,A6M5,WarThunder_FactChecker2.xlsx,IJNAF,1000.0,52.0,46.0,517.0,143.61111111111111
a6m5,A6M5,WarThunder_FactChecker2.xlsx,IJNAF,2000.0,103.0,91.0,540.0,150.0
a6m5,A6M5,WarThunder_FactChecker2.xlsx,IJNAF,3000.0,154.0,138.0,555.0,154.16666666666666
a6m5,A6M5,WarThunder_FactChecker2.xlsx,IJNAF,4000.0,210.0,191.0,550.0,152.77777777777777
a6m5,A6M5,WarThunder_FactChecker2.xlsx,IJNAF,5000.0,271.0,245.0,571.0,158.61111111111111
a6m5,A6M5,WarThunder_FactChecker2.xlsx,IJNAF,6000.0,336.0,308.0,575.0,159.72222222222223
a6m5_otsu,A6M5 otsu,WarThunder_FactChecker2.xlsx,IJNAF,0.0,0.0,0.0,493.0,136.94444444444443
a6m5_otsu,A6M5 otsu,WarThunder_FactChecker2.xlsx,IJNAF,1000.0,53.0,46.0,516.0,143.33333333333334
a6m5_otsu,A6M5 otsu,WarThunder_FactChecker2.xlsx,IJNAF,2000.0,104.0,91.0,539.0,149.72222222222223
a6m5_otsu,A6M5 otsu,WarThunder_FactChecker2.xlsx,IJNAF,3000.0,155.0,139.0,555.0,154.16666666666666
a6m5_otsu,A6M5 otsu,WarThunder_FactChecker2.xlsx,IJNAF,4000.0,211.0,192.0,550.0,152.77777777777777
a6m5_otsu,A6M5 otsu,WarThunder_FactChecker2.xlsx,IJNAF,5000.0,273.0,247.0,571.0,158.61111111111111
a6m5_otsu,A6M5 otsu,WarThunder_FactChecker2.xlsx,IJNAF,6000.0,338.0,310.0,575.0,159.72222222222223
a7m2,A7M2,WarThunder_FactChecker2.xlsx,IJNAF,0.0,0.0,0.0,553.0,153.61111111111111
a7m2,A7M2,WarThunder_FactChecker2.xlsx,IJNAF,1000.0,48.0,43.0,575.0,159.72222222222223
a7m2,A7M2,WarThunder_FactChecker2.xlsx,IJNAF,2000.0,98.0,90.0,575.0,159.72222222222223
a7m2,A7M2,WarThunder_FactChecker2.xlsx,IJNAF,3000.0,154.0,140.0,587.0,163.05555555555554
a7m2,A7M2,WarThunder_FactChecker2.xlsx,IJNAF,4000.0,210.0,190.0,613.0,170.27777777777777
a7m2,A7M2,WarThunder_FactChecker2.xlsx,IJNAF,5000.0,266.0,239.0,639.0,177.5
a7m2,A7M2,WarThunder_FactChecker2.xlsx,IJNAF,6000.0,325.0,294.0,640.0,177.77777777777777
n1k1_ja,N1K1-Ja,WarThunder_FactChecker2.xlsx,IJNAF,0.0,0.0,0.0,515.0,143.05555555555554
n1k1_ja,N1K1-Ja,WarThunder_FactChecker2.xlsx,IJNAF,1000.0,44.0,39.0,537.0,149.16666666666666
n1k1_ja,N1K1-Ja,WarThunder_FactChecker2.xlsx,IJNAF,2000.0,87.0,78.0,555.0,154.16666666666666
n1k1_ja,N1K1-Ja,WarThunder_FactChecker2.xlsx,IJNAF,3000.0,132.0,121.0,558.0,155.0
n1k1_ja,N1K1-Ja,WarThunder_FactChecker2.xlsx,IJNAF,4000.0,182.0,165.0,575.0,159.72222222222223
n1k1_ja,N1K1-Ja,WarThunder_FactChecker2.xlsx,IJNAF,5000.0,234.0,211.0,594.0,165.0
n1k1_ja,N1K1-Ja,WarThunder_FactChecker2.xlsx,IJNAF,6000.0,287.0,260.0,612.0,170.0
n1k2_j,N1K2-J,WarThunder_FactChecker2.xlsx,IJNAF,0.0,0.0,0.0,552.0,153.33333333333334
n1k2_j,N1K2-J,WarThunder_FactChecker2.xlsx,IJNAF,1000.0,47.0,41.0,575.0,159.72222222222223
n1k2_j,N1K2-J,WarThunder_FactChecker2.xlsx,IJNAF,2000.0,93.0,83.0,599.0,166.38888888888889
n1k2_j,N1K2-J,WarThunder_FactChecker2.xlsx,IJNAF,3000.0,140.0,129.0,608.0,168.88888888888889
n1k2_j,N1K2-J,WarThunder_FactChecker2.xlsx,IJNAF,4000.0,195.0,178.0,605.0,168.05555555555554
n1k2_j,N1K2-J,WarThunder_FactChecker2.xlsx,IJNAF,5000.0,252.0,229.0,629.0,174.72222222222223
n1k2_j,N1K2-J,WarThunder_FactChecker2.xlsx,IJNAF,6000.0,311.0,286.0,653.0,181.38888888888889
n1k2_ja,N1K2-Ja,WarThunder_FactChecker2.xlsx,IJNAF,0.0,0.0,0.0,552.0,153.33333333333334
n1k2_ja,N1K2-Ja,WarThunder_FactChecker2.xlsx,IJNAF,1000.0,47.0,41.0,575.0,159.72222222222223
n1k2_ja,N1K2-Ja,WarThunder_FactChecker2.xlsx,IJNAF,2000.0,93.0,83.0,599.0,166.38888888888889
n1k2_ja,N1K2-Ja,WarThunder_FactChecker2.xlsx,IJNAF,3000.0,140.0,129.0,608.0,168.88888888888889
n1k2_ja,N1K2-Ja,WarThunder_FactChecker2.xlsx,IJNAF,4000.0,195.0,178.0,605.0,168.05555555555554
n1k2_ja,N1K2-Ja,WarThunder_FactChecker2.xlsx,IJNAF,5000.0,252.0,229.0,629.0,174.72222222222223
n1k2_ja,N1K2-Ja,WarThunder_FactChecker2.xlsx,IJNAF,6000.0,311.0,286.0,653.0,181.38888888888889
j2m3,J2M3,WarThunder_FactChecker2.xlsx,IJNAF,0.0,0.0,0.0,555.0,154.16666666666666
j2m3,J2M3,WarThunder_FactChecker2.xlsx,IJNAF,1000.0,44.0,36.0,573.0,159.16666666666666
j2m3,J2M3,WarThunder_FactChecker2.xlsx,IJNAF,2000.0,89.0,72.0,588.0,163.33333333333334
j2m3,J2M3,WarThunder_FactChecker2.xlsx,IJNAF,3000.0,137.0,112.0,589.0,163.61111111111111
j2m3,J2M3,WarThunder_FactChecker2.xlsx,IJNAF,4000.0,188.0,153.0,608.0,168.88888888888889
j2m3,J2M3,WarThunder_FactChecker2.xlsx,IJNAF,5000.0,240.0,195.0,625.0,173.61111111111111
j2m3,J2M3,WarThunder_FactChecker2.xlsx,IJNAF,6000.0,297.0,245.0,617.0,171.38888888888889
j2m5,J2M5,WarThunder_FactChecker2.xlsx,IJNAF,0.0,0.0,0.0,557.0,154.72222222222223
j2m5,J2M5,WarThunder_FactChecker2.xlsx,IJNAF,1000.0,50.0,40.0,575.0,159.72222222222223
j2m5,J2M5,WarThunder_FactChecker2.xlsx,IJNAF,2000.0,101.0,82.0,594.0,165.0
j2m5,J2M5,WarThunder_FactChecker2.xlsx,IJNAF,3000.0,156.0,128.0,593.0,164.72222222222223
j2m5,J2M5,WarThunder_FactChecker2.xlsx,IJNAF,4000.0,214.0,174.0,608.0,168.88888888888889
j2m5,J2M5,WarThunder_FactChecker2.xlsx,IJNAF,5000.0,273.0,222.0,628.0,174.44444444444443
j2m5,J2M5,WarThunder_FactChecker2.xlsx,IJNAF,6000.0,334.0,272.0,649.0,180.27777777777777
j7w1,J7W1,WarThunder_FactChecker2.xlsx,IJNAF,0.0,0.0,0.0,,
j7w1,J7W1,WarThunder_FactChecker2.xlsx,IJNAF,1000.0,60.0,51.0,,
j7w1,J7W1,WarThunder_FactChecker2.xlsx,IJNAF,2000.0,118.0,102.0,,
j7w1,J7W1,WarThunder_FactChecker2.xlsx,IJNAF,3000.0,177.0,152.0,,
j7w1,J7W1,WarThunder_FactChecker2.xlsx,IJNAF,4000.0,239.0,205.0,,
j7w1,J7W1,WarThunder_FactChecker2.xlsx,IJNAF,5000.0,302.0,259.0,,
j7w1,J7W1,WarThunder_FactChecker2.xlsx,IJNAF,6000.0,368.0,315.0,,
ki_27_otsu,Ki-27 otsu,WarThunder_FactChecker2.xlsx,IJAAF,0.0,0.0,0.0,420.0,116.66666666666666
ki_27_otsu,Ki-27 otsu,WarThunder_FactChecker2.xlsx,IJAAF,1000.0,50.0,41.0,439.0,121.94444444444444
ki_27_otsu,Ki-27 otsu,WarThunder_FactChecker2.xlsx,IJAAF,2000.0,100.0,82.0,459.0,127.5
ki_27_otsu,Ki-27 otsu,WarThunder_FactChecker2.xlsx,IJAAF,3000.0,153.0,128.0,467.0,129.72222222222223
ki_27_otsu,Ki-27 otsu,WarThunder_FactChecker2.xlsx,IJAAF,4000.0,212.0,178.0,468.0,130.0
ki_27_otsu,Ki-27 otsu,WarThunder_FactChecker2.xlsx,IJAAF,5000.0,278.0,235.0,466.0,129.44444444444443
ki_27_otsu,Ki-27 otsu,WarThunder_FactChecker2.xlsx,IJAAF,6000.0,354.0,302.0,464.0,128.88888888888889
ki_43_i,Ki-43-I,WarThunder_FactChecker2.xlsx,IJAAF,0.0,0.0,0.0,438.0,121.66666666666666
ki_43_i,Ki-43-I,WarThunder_FactChecker2.xlsx,IJAAF,1000.0,51.0,45.0,459.0,127.5
ki_43_i,Ki-43-I,WarThunder_FactChecker2.xlsx,IJAAF,2000.0,102.0,91.0,480.0,133.33333333333334
ki_43_i,Ki-43-I,WarThunder_FactChecker2.xlsx,IJAAF,3000.0,154.0,140.0,501.0,139.16666666666666
ki_43_i,Ki-43-I,WarThunder_FactChecker2.xlsx,IJAAF,4000.0,211.0,194.0,503.0,139.72222222222223
ki_43_i,Ki-43-I,WarThunder_FactChecker2.xlsx,IJAAF,5000.0,278.0,257.0,494.0,137.22222222222223
ki_43_i,Ki-43-I,WarThunder_FactChecker2.xlsx,IJAAF,6000.0,359.0,335.0,485.0,134.72222222222223
ki_43_ii,Ki-43-II,WarThunder_FactChecker2.xlsx,IJAAF,0.0,0.0,0.0,442.0,122.77777777777777
ki_43_ii,Ki-43-II,WarThunder_FactChecker2.xlsx,IJAAF,1000.0,54.0,49.0,463.0,128.61111111111111
ki_43_ii,Ki-43-II,WarThunder_FactChecker2.xlsx,IJAAF,2000.0,107.0,96.0,484.0,134.44444444444443
ki_43_ii,Ki-43-II,WarThunder_FactChecker2.xlsx,IJAAF,3000.0,160.0,145.0,496.0,137.77777777777777
ki_43_ii,Ki-43-II,WarThunder_FactChecker2.xlsx,IJAAF,4000.0,222.0,202.0,491.0,136.38888888888889
ki_43_ii,Ki-43-II,WarThunder_FactChecker2.xlsx,IJAAF,5000.0,287.0,260.0,513.0,142.5
ki_43_ii,Ki-43-II,WarThunder_FactChecker2.xlsx,IJAAF,6000.0,355.0,322.0,532.0,147.77777777777777
ki_44_i,Ki-44-I,WarThunder_FactChecker2.xlsx,IJAAF,0.0,0.0,0.0,503.0,139.72222222222223
ki_44_i,Ki-44-I,WarThunder_FactChecker2.xlsx,IJAAF,1000.0,54.0,50.0,528.0,146.66666666666666
ki_44_i,Ki-44-I,WarThunder_FactChecker2.xlsx,IJAAF,2000.0,108.0,100.0,553.0,153.61111111111111
ki_44_i,Ki-44-I,WarThunder_FactChecker2.xlsx,IJAAF,3000.0,161.0,151.0,577.0,160.27777777777777
ki_44_i,Ki-44-I,WarThunder_FactChecker2.xlsx,IJAAF,4000.0,221.0,208.0,583.0,161.94444444444443
ki_44_i,Ki-44-I,WarThunder_FactChecker2.xlsx,IJAAF,5000.0,295.0,279.0,574.0,159.44444444444443
ki_44_i,Ki-44-I,WarThunder_FactChecker2.xlsx,IJAAF,6000.0,388.0,369.0,563.0,156.38888888888889
ki_44_ii_hei,Ki-44-II hei,WarThunder_FactChecker2.xlsx,IJAAF,0.0,0.0,0.0,546.0,151.66666666666666
ki_44_ii_hei,Ki-44-II hei,WarThunder_FactChecker2.xlsx,IJAAF,1000.0,43.0,38.0,569.0,158.05555555555554
ki_44_ii_hei,Ki-44-II hei,WarThunder_FactChecker2.xlsx,IJAAF,2000.0,86.0,78.0,578.0,160.55555555555554
ki_44_ii_hei,Ki-44-II hei,WarThunder_FactChecker2.xlsx,IJAAF,3000.0,135.0,123.0,578.0,160.55555555555554
ki_44_ii_hei,Ki-44-II hei,WarThunder_FactChecker2.xlsx,IJAAF,4000.0,186.0,168.0,605.0,168.05555555555554
ki_44_ii_hei,Ki-44-II hei,WarThunder_FactChecker2.xlsx,IJAAF,5000.0,238.0,216.0,618.0,171.66666666666666
ki_44_ii_hei,Ki-44-II hei,WarThunder_FactChecker2.xlsx,IJAAF,6000.0,299.0,274.0,607.0,168.61111111111111
ki_61_i_ko,Ki-61-I ko,WarThunder_FactChecker2.xlsx,IJAAF,0.0,0.0,0.0,478.0,132.77777777777777
ki_61_i_ko,Ki-61-I ko,WarThunder_FactChecker2.xlsx,IJAAF,1000.0,58.0,50.0,514.0,142.77777777777777
ki_61_i_ko,Ki-61-I ko,WarThunder_FactChecker2.xlsx,IJAAF,2000.0,112.0,97.0,549.0,152.5
ki_61_i_ko,Ki-61-I ko,WarThunder_FactChecker2.xlsx,IJAAF,3000.0,168.0,146.0,565.0,156.94444444444443
ki_61_i_ko,Ki-61-I ko,WarThunder_FactChecker2.xlsx,IJAAF,4000.0,225.0,196.0,581.0,161.38888888888889
ki_61_i_ko,Ki-61-I ko,WarThunder_FactChecker2.xlsx,IJAAF,5000.0,284.0,248.0,598.0,166.11111111111111
ki_61_i_ko,Ki-61-I ko,WarThunder_FactChecker2.xlsx,IJAAF,6000.0,349.0,311.0,597.0,165.83333333333334
ki_61_i_otsu,Ki-61-I otsu,WarThunder_FactChecker2.xlsx,IJAAF,0.0,0.0,0.0,494.0,137.22222222222223
ki_61_i_otsu,Ki-61-I otsu,WarThunder_FactChecker2.xlsx,IJAAF,1000.0,57.0,51.0,532.0,147.77777777777777
ki_61_i_otsu,Ki-61-I otsu,WarThunder_FactChecker2.xlsx,IJAAF,2000.0,112.0,99.0,568.0,157.77777777777777
ki_61_i_otsu,Ki-61-I otsu,WarThunder_FactChecker2.xlsx,IJAAF,3000.0,168.0,148.0,587.0,163.05555555555554
ki_61_i_otsu,Ki-61-I otsu,WarThunder_FactChecker2.xlsx,IJAAF,4000.0,228.0,202.0,602.0,167.22222222222223
ki_61_i_otsu,Ki-61-I otsu,WarThunder_FactChecker2.xlsx,IJAAF,5000.0,293.0,265.0,595.0,165.27777777777777
ki_61_i_otsu,Ki-61-I otsu,WarThunder_FactChecker2.xlsx,IJAAF,6000.0,372.0,341.0,587.0,163.05555555555554
ki_100,Ki-100,WarThunder_FactChecker2.xlsx,IJAAF,0.0,0.0,0.0,510.0,141.66666666666666
ki_100,Ki-100,WarThunder_FactChecker2.xlsx,IJAAF,1000.0,57.0,50.0,534.0,148.33333333333334
ki_100,Ki-100,WarThunder_FactChecker2.xlsx,IJAAF,2000.0,112.0,101.0,549.0,152.5
ki_100,Ki-100,WarThunder_FactChecker2.xlsx,IJAAF,3000.0,174.0,156.0,555.0,154.16666666666666
ki_100,Ki-100,WarThunder_FactChecker2.xlsx,IJAAF,4000.0,239.0,210.0,576.0,160.0
ki_100,Ki-100,WarThunder_FactChecker2.xlsx,IJAAF,5000.0,303.0,266.0,588.0,163.33333333333334
ki_100,Ki-100,WarThunder_FactChecker2.xlsx,IJAAF,6000.0,371.0,329.0,593.0,164.72222222222223
ki_43_iii_otsu,Ki-43-III otsu,WarThunder_FactChecker2.xlsx,IJAAF,0.0,0.0,0.0,506.0,140.55555555555554
ki_43_iii_otsu,Ki-43-III otsu,WarThunder_FactChecker2.xlsx,IJAAF,1000.0,44.0,37.0,524.0,145.55555555555554
ki_43_iii_otsu,Ki-43-III otsu,WarThunder_FactChecker2.xlsx,IJAAF,2000.0,88.0,78.0,526.0,146.11111111111111
ki_43_iii_otsu,Ki-43-III otsu,WarThunder_FactChecker2.xlsx,IJAAF,3000.0,135.0,121.0,536.0,148.88888888888889
ki_43_iii_otsu,Ki-43-III otsu,WarThunder_FactChecker2.xlsx,IJAAF,4000.0,187.0,164.0,560.0,155.55555555555554
ki_43_iii_otsu,Ki-43-III otsu,WarThunder_FactChecker2.xlsx,IJAAF,5000.0,239.0,209.0,576.0,160.0
ki_43_iii_otsu,Ki-43-III otsu,WarThunder_FactChecker2.xlsx,IJAAF,6000.0,292.0,260.0,579.0,160.83333333333334
ki_61_i_hei,Ki-61-I hei,WarThunder_FactChecker2.xlsx,IJAAF,0.0,0.0,0.0,489.0,135.83333333333334
ki_61_i_hei,Ki-61-I hei,WarThunder_FactChecker2.xlsx,IJAAF,1000.0,60.0,52.0,526.0,146.11111111111111
ki_61_i_hei,Ki-61-I hei,WarThunder_FactChecker2.xlsx,IJAAF,2000.0,116.0,101.0,562.0,156.11111111111111
ki_61_i_hei,Ki-61-I hei,WarThunder_FactChecker2.xlsx,IJAAF,3000.0,173.0,151.0,579.0,160.83333333333334
ki_61_i_hei,Ki-61-I hei,WarThunder_FactChecker2.xlsx,IJAAF,4000.0,232.0,206.0,595.0,165.27777777777777
ki_61_i_hei,Ki-61-I hei,WarThunder_FactChecker2.xlsx,IJAAF,5000.0,299.0,270.0,589.0,163.61111111111111
ki_61_i_hei,Ki-61-I hei,WarThunder_FactChecker2.xlsx,IJAAF,6000.0,380.0,348.0,579.0,160.83333333333334
ki_61_i_tei,Ki-61-I tei,WarThunder_FactChecker2.xlsx,IJAAF,0.0,0.0,0.0,488.0,135.55555555555554
ki_61_i_tei,Ki-61-I tei,WarThunder_FactChecker2.xlsx,IJAAF,1000.0,69.0,60.0,526.0,146.11111111111111
ki_61_i_tei,Ki-61-I tei,WarThunder_FactChecker2.xlsx,IJAAF,2000.0,134.0,116.0,561.0,155.83333333333334
ki_61_i_tei,Ki-61-I tei,WarThunder_FactChecker2.xlsx,IJAAF,3000.0,200.0,174.0,579.0,160.83333333333334
ki_61_i_tei,Ki-61-I tei,WarThunder_FactChecker2.xlsx,IJAAF,4000.0,270.0,237.0,593.0,164.72222222222223
ki_61_i_tei,Ki-61-I tei,WarThunder_FactChecker2.xlsx,IJAAF,5000.0,348.0,313.0,585.0,162.5
ki_61_i_tei,Ki-61-I tei,WarThunder_FactChecker2.xlsx,IJAAF,6000.0,445.0,406.0,578.0,160.55555555555554
ki_61_ii,Ki-61-II,WarThunder_FactChecker2.xlsx,IJAAF,0.0,0.0,0.0,543.0,150.83333333333334
ki_61_ii,Ki-61-II,WarThunder_FactChecker2.xlsx,IJAAF,1000.0,63.0,56.0,567.0,157.5
ki_61_ii,Ki-61-II,WarThunder_FactChecker2.xlsx,IJAAF,2000.0,125.0,112.0,591.0,164.16666666666666
ki_61_ii,Ki-61-II,WarThunder_FactChecker2.xlsx,IJAAF,3000.0,191.0,171.0,601.0,166.94444444444443
ki_61_ii,Ki-61-II,WarThunder_FactChecker2.xlsx,IJAAF,4000.0,263.0,236.0,611.0,169.72222222222223
ki_61_ii,Ki-61-II,WarThunder_FactChecker2.xlsx,IJAAF,5000.0,342.0,309.0,623.0,173.05555555555554
ki_61_ii,Ki-61-II,WarThunder_FactChecker2.xlsx,IJAAF,6000.0,432.0,393.0,617.0,171.38888888888889
ki_84_ko,Ki-84 ko,WarThunder_FactChecker2.xlsx,IJAAF,0.0,0.0,0.0,581.0,161.38888888888889
ki_84_ko,Ki-84 ko,WarThunder_FactChecker2.xlsx,IJAAF,1000.0,46.0,41.0,605.0,168.05555555555554
ki_84_ko,Ki-84 ko,WarThunder_FactChecker2.xlsx,IJAAF,2000.0,91.0,82.0,629.0,174.72222222222223
ki_84_ko,Ki-84 ko,WarThunder_FactChecker2.xlsx,IJAAF,3000.0,139.0,130.0,642.0,178.33333333333334
ki_84_ko,Ki-84 ko,WarThunder_FactChecker2.xlsx,IJAAF,4000.0,194.0,180.0,637.0,176.94444444444443
ki_84_ko,Ki-84 ko,WarThunder_FactChecker2.xlsx,IJAAF,5000.0,253.0,233.0,662.0,183.88888888888889
ki_84_ko,Ki-84 ko,WarThunder_FactChecker2.xlsx,IJAAF,6000.0,315.0,292.0,689.0,191.38888888888889
ki_84_otsu,Ki-84 otsu,WarThunder_FactChecker2.xlsx,IJAAF,0.0,0.0,0.0,581.0,161.38888888888889
ki_84_otsu,Ki-84 otsu,WarThunder_FactChecker2.xlsx,IJAAF,1000.0,46.0,41.0,604.0,167.77777777777777
ki_84_otsu,Ki-84 otsu,WarThunder_FactChecker2.xlsx,IJAAF,2000.0,91.0,82.0,629.0,174.72222222222223
ki_84_otsu,Ki-84 otsu,WarThunder_FactChecker2.xlsx,IJAAF,3000.0,139.0,130.0,642.0,178.33333333333334
ki_84_otsu,Ki-84 otsu,WarThunder_FactChecker2.xlsx,IJAAF,4000.0,194.0,180.0,637.0,176.94444444444443
ki_84_otsu,Ki-84 otsu,WarThunder_FactChecker2.xlsx,IJAAF,5000.0,253.0,233.0,662.0,183.88888888888889
ki_84_otsu,Ki-84 otsu,WarThunder_FactChecker2.xlsx,IJAAF,6000.0,315.0,292.0,689.0,191.38888888888889
ki_84_hei,Ki-84 hei,WarThunder_FactChecker2.xlsx,IJAAF,0.0,0.0,0.0,581.0,161.38888888888889
ki_84_hei,Ki-84 hei,WarThunder_FactChecker2.xlsx,IJAAF,1000.0,46.0,41.0,604.0,167.77777777777777
ki_84_hei,Ki-84 hei,WarThunder_FactChecker2.xlsx,IJAAF,2000.0,92.0,83.0,629.0,174.72222222222223
ki_84_hei,Ki-84 hei,WarThunder_FactChecker2.xlsx,IJAAF,3000.0,140.0,130.0,642.0,178.33333333333334
ki_84_hei,Ki-84 hei,WarThunder_FactChecker2.xlsx,IJAAF,4000.0,195.0,181.0,637.0,176.94444444444443
ki_84_hei,Ki-84 hei,WarThunder_FactChecker2.xlsx,IJAAF,5000.0,255.0,234.0,662.0,183.88888888888889
ki_84_hei,Ki-84 hei,WarThunder_FactChecker2.xlsx,IJAAF,6000.0,317.0,293.0,689.0,191.38888888888889
j1n1,J1N1,WarThunder_FactChecker2.xlsx,Japan Heavy Fighters,0.0,0.0,0.0,483.0,134.16666666666666
j1n1,J1N1,WarThunder_FactChecker2.xlsx,Japan Heavy Fighters,1000.0,70.0,62.0,504.0,140.0
j1n1,J1N1,WarThunder_FactChecker2.xlsx,Japan Heavy Fighters,2000.0,139.0,124.0,521.0,144.72222222222223
j1n1,J1N1,WarThunder_FactChecker2.xlsx,Japan Heavy Fighters,3000.0,210.0,191.0,516.0,143.33333333333334
j1n1,J1N1,WarThunder_FactChecker2.xlsx,Japan Heavy Fighters,4000.0,293.0,267.0,529.0,146.94444444444443
j1n1,J1N1,WarThunder_FactChecker2.xlsx,Japan Heavy Fighters,5000.0,382.0,349.0,534.0,148.33333333333334
j1n1,J1N1,WarThunder_FactChecker2.xlsx,Japan Heavy Fighters,6000.0,485.0,448.0,524.0,145.55555555555554
ki_45_ko,Ki-45 ko,WarThunder_FactChecker2.xlsx,Japan Heavy Fighters,0.0,0.0,0.0,479.0,133.05555555555554
ki_45_ko,Ki-45 ko,WarThunder_FactChecker2.xlsx,Japan Heavy Fighters,1000.0,59.0,54.0,501.0,139.16666666666666
ki_45_ko,Ki-45 ko,WarThunder_FactChecker2.xlsx,Japan Heavy Fighters,2000.0,119.0,108.0,524.0,145.55555555555554
ki_45_ko,Ki-45 ko,WarThunder_FactChecker2.xlsx,Japan Heavy Fighters,3000.0,183.0,168.0,533.0,148.05555555555554
ki_45_ko,Ki-45 ko,WarThunder_FactChecker2.xlsx,Japan Heavy Fighters,4000.0,256.0,234.0,532.0,147.77777777777777
ki_45_ko,Ki-45 ko,WarThunder_FactChecker2.xlsx,Japan Heavy Fighters,5000.0,333.0,303.0,555.0,154.16666666666666
ki_45_ko,Ki-45 ko,WarThunder_FactChecker2.xlsx,Japan Heavy Fighters,6000.0,419.0,382.0,575.0,159.72222222222223
ki_45_otsu,Ki-45 otsu,WarThunder_FactChecker2.xlsx,Japan Heavy Fighters,0.0,0.0,0.0,479.0,133.05555555555554
ki_45_otsu,Ki-45 otsu,WarThunder_FactChecker2.xlsx,Japan Heavy Fighters,1000.0,59.0,53.0,501.0,139.16666666666666
ki_45_otsu,Ki-45 otsu,WarThunder_FactChecker2.xlsx,Japan Heavy Fighters,2000.0,119.0,107.0,524.0,145.55555555555554
ki_45_otsu,Ki-45 otsu,WarThunder_FactChecker2.xlsx,Japan Heavy Fighters,3000.0,183.0,168.0,533.0,148.05555555555554
ki_45_otsu,Ki-45 otsu,WarThunder_FactChecker2.xlsx,Japan Heavy Fighters,4000.0,256.0,234.0,532.0,147.77777777777777
ki_45_otsu,Ki-45 otsu,WarThunder_FactChecker2.xlsx,Japan Heavy Fighters,5000.0,333.0,303.0,555.0,154.16666666666666
ki_45_otsu,Ki-45 otsu,WarThunder_FactChecker2.xlsx,Japan Heavy Fighters,6000.0,418.0,382.0,575.0,159.72222222222223
ki_45_tei,Ki-45 tei,WarThunder_FactChecker2.xlsx,Japan Heavy Fighters,0.0,0.0,0.0,479.0,133.05555555555554
ki_45_tei,Ki-45 tei,WarThunder_FactChecker2.xlsx,Japan Heavy Fighters,1000.0,59.0,53.0,501.0,139.16666666666666
ki_45_tei,Ki-45 tei,WarThunder_FactChecker2.xlsx,Japan Heavy Fighters,2000.0,118.0,107.0,524.0,145.55555555555554
ki_45_tei,Ki-45 tei,WarThunder_FactChecker2.xlsx,Japan Heavy Fighters,3000.0,182.0,167.0,533.0,148.05555555555554
ki_45_tei,Ki-45 tei,WarThunder_FactChecker2.xlsx,Japan Heavy Fighters,4000.0,255.0,233.0,532.0,147.77777777777777
ki_45_tei,Ki-45 tei,WarThunder_FactChecker2.xlsx,Japan Heavy Fighters,5000.0,332.0,302.0,555.0,154.16666666666666
ki_45_tei,Ki-45 tei,WarThunder_FactChecker2.xlsx,Japan Heavy Fighters,6000.0,417.0,381.0,575.0,159.72222222222223
ki_45_hei,Ki-45 hei,WarThunder_FactChecker2.xlsx,Japan Heavy Fighters,0.0,0.0,0.0,479.0,133.05555555555554
ki_45_hei,Ki-45 hei,WarThunder_FactChecker2.xlsx,Japan Heavy Fighters,1000.0,59.0,53.0,501.0,139.16666666666666
ki_45_hei,Ki-45 hei,WarThunder_FactChecker2.xlsx,Japan Heavy Fighters,2000.0,118.0,107.0,524.0,145.55555555555554
ki_45_hei,Ki-45 hei,WarThunder_FactChecker2.xlsx,Japan Heavy Fighters,3000.0,182.0,167.0,533.0,148.05555555555554
ki_45_hei,Ki-45 hei,WarThunder_FactChecker2.xlsx,Japan Heavy Fighters,4000.0,255.0,233.0,532.0,147.77777777777777
ki_45_hei,Ki-45 hei,WarThunder_FactChecker2.xlsx,Japan Heavy Fighters,5000.0,331.0,302.0,555.0,154.16666666666666
ki_45_hei,Ki-45 hei,WarThunder_FactChecker2.xlsx,Japan Heavy Fighters,6000.0,416.0,380.0,575.0,159.72222222222223
ki_108,Ki-108,WarThunder_FactChecker2.xlsx,Japan Heavy Fighters,0.0,0.0,0.0,486.0,135.0
ki_108,Ki-108,WarThunder_FactChecker2.xlsx,Japan Heavy Fighters,1000.0,66.0,54.0,509.0,141.38888888888889
ki_108,Ki-108,WarThunder_FactChecker2.xlsx,Japan Heavy Fighters,2000.0,130.0,106.0,533.0,148.05555555555554
ki_108,Ki-108,WarThunder_FactChecker2.xlsx,Japan Heavy Fighters,3000.0,194.0,157.0,557.0,154.72222222222223
ki_108,Ki-108,WarThunder_FactChecker2.xlsx,Japan Heavy Fighters,4000.0,260.0,212.0,575.0,159.72222222222223
ki_108,Ki-108,WarThunder_FactChecker2.xlsx,Japan Heavy Fighters,5000.0,329.0,274.0,593.0,164.72222222222223
ki_108,Ki-108,WarThunder_FactChecker2.xlsx,Japan Heavy Fighters,6000.0,403.0,349.0,609.0,169.16666666666666
ki_109,Ki-109,WarThunder_FactChecker2.xlsx,Japan Heavy Fighters,0.0,0.0,0.0,474.0,131.66666666666666
ki_109,Ki-109,WarThunder_FactChecker2.xlsx,Japan Heavy Fighters,1000.0,74.0,66.0,497.0,138.05555555555554
ki_109,Ki-109,WarThunder_FactChecker2.xlsx,Japan Heavy Fighters,2000.0,146.0,131.0,519.0,144.16666666666666
ki_109,Ki-109,WarThunder_FactChecker2.xlsx,Japan Heavy Fighters,3000.0,219.0,198.0,524.0,145.55555555555554
ki_109,Ki-109,WarThunder_FactChecker2.xlsx,Japan Heavy Fighters,4000.0,304.0,275.0,524.0,145.55555555555554
ki_109,Ki-109,WarThunder_FactChecker2.xlsx,Japan Heavy Fighters,5000.0,392.0,353.0,547.0,151.94444444444443
ki_109,Ki-109,WarThunder_FactChecker2.xlsx,Japan Heavy Fighters,6000.0,480.0,432.0,568.0,157.77777777777777
ki_83,Ki-83,WarThunder_FactChecker2.xlsx,Japan Heavy Fighters,0.0,0.0,0.0,596.0,165.55555555555554
ki_83,Ki-83,WarThunder_FactChecker2.xlsx,Japan Heavy Fighters,1000.0,37.0,33.0,622.0,172.77777777777777
ki_83,Ki-83,WarThunder_FactChecker2.xlsx,Japan Heavy Fighters,2000.0,74.0,66.0,641.0,178.05555555555554
ki_83,Ki-83,WarThunder_FactChecker2.xlsx,Japan Heavy Fighters,3000.0,113.0,100.0,655.0,181.94444444444443
ki_83,Ki-83,WarThunder_FactChecker2.xlsx,Japan Heavy Fighters,4000.0,153.0,136.0,668.0,185.55555555555554
ki_83,Ki-83,WarThunder_FactChecker2.xlsx,Japan Heavy Fighters,5000.0,195.0,173.0,685.0,190.27777777777777
ki_83,Ki-83,WarThunder_FactChecker2.xlsx,Japan Heavy Fighters,6000.0,237.0,211.0,704.0,195.55555555555554
hagiri_s_a5m4,Hagiri's A5M4,WarThunder_FactChecker2.xlsx,Japan National Premiums,0.0,0.0,0.0,396.0,110.0
hagiri_s_a5m4,Hagiri's A5M4,WarThunder_FactChecker2.xlsx,Japan National Premiums,1000.0,68.0,58.0,415.0,115.27777777777777
hagiri_s_a5m4,Hagiri's A5M4,WarThunder_FactChecker2.xlsx,Japan National Premiums,2000.0,133.0,114.0,435.0,120.83333333333333
hagiri_s_a5m4,Hagiri's A5M4,WarThunder_FactChecker2.xlsx,Japan National Premiums,3000.0,200.0,176.0,436.0,121.11111111111111
hagiri_s_a5m4,Hagiri's A5M4,WarThunder_FactChecker2.xlsx,Japan National Premiums,4000.0,278.0,249.0,431.0,119.72222222222221
hagiri_s_a5m4,Hagiri's A5M4,WarThunder_FactChecker2.xlsx,Japan National Premiums,5000.0,369.0,336.0,425.0,118.05555555555556
hagiri_s_a5m4,Hagiri's A5M4,WarThunder_FactChecker2.xlsx,Japan National Premiums,6000.0,480.0,442.0,418.0,116.11111111111111
ki_44_ii_otsu,Ki-44-II otsu,WarThunder_FactChecker2.xlsx,Japan National Premiums,0.0,0.0,0.0,545.0,151.38888888888889
ki_44_ii_otsu,Ki-44-II otsu,WarThunder_FactChecker2.xlsx,Japan National Premiums,1000.0,41.0,36.0,568.0,157.77777777777777
ki_44_ii_otsu,Ki-44-II otsu,WarThunder_FactChecker2.xlsx,Japan National Premiums,2000.0,82.0,75.0,576.0,160.0
ki_44_ii_otsu,Ki-44-II otsu,WarThunder_FactChecker2.xlsx,Japan National Premiums,3000.0,129.0,118.0,577.0,160.27777777777777
ki_44_ii_otsu,Ki-44-II otsu,WarThunder_FactChecker2.xlsx,Japan National Premiums,4000.0,178.0,161.0,604.0,167.77777777777777
ki_44_ii_otsu,Ki-44-II otsu,WarThunder_FactChecker2.xlsx,Japan National Premiums,5000.0,228.0,207.0,616.0,171.11111111111111
ki_44_ii_otsu,Ki-44-II otsu,WarThunder_FactChecker2.xlsx,Japan National Premiums,6000.0,286.0,262.0,606.0,168.33333333333334
ki_100_ii,Ki-100-II,WarThunder_FactChecker2.xlsx,Japan National Premiums,0.0,0.0,0.0,509.0,141.38888888888889
ki_100_ii,Ki-100-II,WarThunder_FactChecker2.xlsx,Japan National Premiums,1000.0,66.0,53.0,532.0,147.77777777777777
ki_100_ii,Ki-100-II,WarThunder_FactChecker2.xlsx,Japan National Premiums,2000.0,131.0,105.0,554.0,153.88888888888889
ki_100_ii,Ki-100-II,WarThunder_FactChecker2.xlsx,Japan National Premiums,3000.0,197.0,158.0,573.0,159.16666666666666
ki_100_ii,Ki-100-II,WarThunder_FactChecker2.xlsx,Japan National Premiums,4000.0,265.0,213.0,587.0,163.05555555555554
ki_100_ii,Ki-100-II,WarThunder_FactChecker2.xlsx,Japan National Premiums,5000.0,336.0,270.0,597.0,165.83333333333334
ki_100_ii,Ki-100-II,WarThunder_FactChecker2.xlsx,Japan National Premiums,6000.0,411.0,331.0,608.0,168.88888888888889
a7m1_nk9h,A7M1 (NK9H),WarThunder_FactChecker2.xlsx,Japan National Premiums,0.0,0.0,0.0,522.0,145.0
a7m1_nk9h,A7M1 (NK9H),WarThunder_FactChecker2.xlsx,Japan National Premiums,1000.0,52.0,47.0,544.0,151.11111111111111
a7m1_nk9h,A7M1 (NK9H),WarThunder_FactChecker2.xlsx,Japan National Premiums,2000.0,104.0,95.0,561.0,155.83333333333334
a7m1_nk9h,A7M1 (NK9H),WarThunder_FactChecker2.xlsx,Japan National Premiums,3000.0,158.0,148.0,564.0,156.66666666666666
a7m1_nk9h,A7M1 (NK9H),WarThunder_FactChecker2.xlsx,Japan National Premiums,4000.0,220.0,205.0,575.0,159.72222222222223
a7m1_nk9h,A7M1 (NK9H),WarThunder_FactChecker2.xlsx,Japan National Premiums,5000.0,280.0,261.0,599.0,166.38888888888889
a7m1_nk9h,A7M1 (NK9H),WarThunder_FactChecker2.xlsx,Japan National Premiums,6000.0,348.0,319.0,623.0,173.05555555555554
ki_96,Ki-96,WarThunder_FactChecker2.xlsx,Japan National Premiums,0.0,0.0,0.0,537.0,149.16666666666666
ki_96,Ki-96,WarThunder_FactChecker2.xlsx,Japan National Premiums,1000.0,51.0,42.0,558.0,155.0
ki_96,Ki-96,WarThunder_FactChecker2.xlsx,Japan National Premiums,2000.0,101.0,87.0,559.0,155.27777777777777
ki_96,Ki-96,WarThunder_FactChecker2.xlsx,Japan National Premiums,3000.0,154.0,135.0,567.0,157.5
ki_96,Ki-96,WarThunder_FactChecker2.xlsx,Japan National Premiums,4000.0,213.0,183.0,589.0,163.61111111111111
ki_96,Ki-96,WarThunder_FactChecker2.xlsx,Japan National Premiums,5000.0,270.0,231.0,604.0,167.77777777777777
ki_96,Ki-96,WarThunder_FactChecker2.xlsx,Japan National Premiums,6000.0,329.0,286.0,606.0,168.33333333333334
j2m4_kai,J2M4 Kai,WarThunder_FactChecker2.xlsx,Japan National Premiums,0.0,0.0,0.0,549.0,152.5
j2m4_kai,J2M4 Kai,WarThunder_FactChecker2.xlsx,Japan National Premiums,1000.0,56.0,46.0,563.0,156.38888888888889
j2m4_kai,J2M4 Kai,WarThunder_FactChecker2.xlsx,Japan National Premiums,2000.0,113.0,95.0,580.0,161.11111111111111
j2m4_kai,J2M4 Kai,WarThunder_FactChecker2.xlsx,Japan National Premiums,3000.0,174.0,145.0,585.0,162.5
j2m4_kai,J2M4 Kai,WarThunder_FactChecker2.xlsx,Japan National Premiums,4000.0,239.0,197.0,601.0,166.94444444444443
j2m4_kai,J2M4 Kai,WarThunder_FactChecker2.xlsx,Japan National Premiums,5000.0,306.0,251.0,617.0,171.38888888888889
j2m4_kai,J2M4 Kai,WarThunder_FactChecker2.xlsx,Japan National Premiums,6000.0,376.0,307.0,635.0,176.38888888888889
a6m5_ko,A6M5 Ko,WarThunder_FactChecker2.xlsx,Japan National Premiums,0.0,0.0,0.0,494.0,137.22222222222223
a6m5_ko,A6M5 Ko,WarThunder_FactChecker2.xlsx,Japan National Premiums,1000.0,53.0,46.0,516.0,143.33333333333334
a6m5_ko,A6M5 Ko,WarThunder_FactChecker2.xlsx,Japan National Premiums,2000.0,104.0,91.0,539.0,149.72222222222223
a6m5_ko,A6M5 Ko,WarThunder_FactChecker2.xlsx,Japan National Premiums,3000.0,155.0,139.0,554.0,153.88888888888889
a6m5_ko,A6M5 Ko,WarThunder_FactChecker2.xlsx,Japan National Premiums,4000.0,211.0,192.0,550.0,152.77777777777777
a6m5_ko,A6M5 Ko,WarThunder_FactChecker2.xlsx,Japan National Premiums,5000.0,273.0,247.0,571.0,158.61111111111111
a6m5_ko,A6M5 Ko,WarThunder_FactChecker2.xlsx,Japan National Premiums,6000.0,338.0,309.0,575.0,159.72222222222223
j2m5,J2M5,WarThunder_FactChecker2.xlsx,Japan National Premiums,0.0,0.0,0.0,558.0,155.0
j2m5,J2M5,WarThunder_FactChecker2.xlsx,Japan National Premiums,1000.0,49.0,39.0,576.0,160.0
j2m5,J2M5,WarThunder_FactChecker2.xlsx,Japan National Premiums,2000.0,98.0,80.0,594.0,165.0
j2m5,J2M5,WarThunder_FactChecker2.xlsx,Japan National Premiums,3000.0,151.0,124.0,593.0,164.72222222222223
j2m5,J2M5,WarThunder_FactChecker2.xlsx,Japan National Premiums,4000.0,208.0,169.0,610.0,169.44444444444443
j2m5,J2M5,WarThunder_FactChecker2.xlsx,Japan National Premiums,5000.0,265.0,216.0,629.0,174.72222222222223
j2m5,J2M5,WarThunder_FactChecker2.xlsx,Japan National Premiums,6000.0,324.0,265.0,650.0,180.55555555555554
ki_94_ii,Ki-94-II,WarThunder_FactChecker2.xlsx,Japan National Premiums,0.0,0.0,0.0,563.0,156.38888888888889
ki_94_ii,Ki-94-II,WarThunder_FactChecker2.xlsx,Japan National Premiums,1000.0,63.0,52.0,587.0,163.05555555555554
ki_94_ii,Ki-94-II,WarThunder_FactChecker2.xlsx,Japan National Premiums,2000.0,124.0,102.0,610.0,169.44444444444443
ki_94_ii,Ki-94-II,WarThunder_FactChecker2.xlsx,Japan National Premiums,3000.0,184.0,152.0,625.0,173.61111111111111
ki_94_ii,Ki-94-II,WarThunder_FactChecker2.xlsx,Japan National Premiums,4000.0,246.0,202.0,642.0,178.33333333333334
ki_94_ii,Ki-94-II,WarThunder_FactChecker2.xlsx,Japan National Premiums,5000.0,308.0,254.0,659.0,183.05555555555554
ki_94_ii,Ki-94-II,WarThunder_FactChecker2.xlsx,Japan National Premiums,6000.0,372.0,306.0,676.0,187.77777777777777
ki_87,Ki-87,WarThunder_FactChecker2.xlsx,Japan National Premiums,0.0,0.0,0.0,586.0,162.77777777777777
ki_87,Ki-87,WarThunder_FactChecker2.xlsx,Japan National Premiums,1000.0,60.0,52.0,606.0,168.33333333333334
ki_87,Ki-87,WarThunder_FactChecker2.xlsx,Japan National Premiums,2000.0,120.0,103.0,626.0,173.88888888888889
ki_87,Ki-87,WarThunder_FactChecker2.xlsx,Japan National Premiums,3000.0,180.0,154.0,647.0,179.72222222222223
ki_87,Ki-87,WarThunder_FactChecker2.xlsx,Japan National Premiums,4000.0,241.0,207.0,670.0,186.11111111111111
ki_87,Ki-87,WarThunder_FactChecker2.xlsx,Japan National Premiums,5000.0,303.0,265.0,687.0,190.83333333333334
ki_87,Ki-87,WarThunder_FactChecker2.xlsx,Japan National Premiums,6000.0,371.0,330.0,692.0,192.22222222222223
a7he1,A7He1,WarThunder_FactChecker2.xlsx,Japan Foreign Premiums,0.0,0.0,0.0,467.0,129.72222222222223
a7he1,A7He1,WarThunder_FactChecker2.xlsx,Japan Foreign Premiums,1000.0,74.0,64.0,486.0,135.0
a7he1,A7He1,WarThunder_FactChecker2.xlsx,Japan Foreign Premiums,2000.0,149.0,133.0,497.0,138.05555555555554
a7he1,A7He1,WarThunder_FactChecker2.xlsx,Japan Foreign Premiums,3000.0,232.0,204.0,505.0,140.27777777777777
a7he1,A7He1,WarThunder_FactChecker2.xlsx,Japan Foreign Premiums,4000.0,318.0,284.0,513.0,142.5
a7he1,A7He1,WarThunder_FactChecker2.xlsx,Japan Foreign Premiums,5000.0,423.0,381.0,504.0,140.0
a7he1,A7He1,WarThunder_FactChecker2.xlsx,Japan Foreign Premiums,6000.0,557.0,503.0,495.0,137.5
f4u_1a,F4U-1a,WarThunder_FactChecker2.xlsx,Japan Foreign Premiums,0.0,0.0,0.0,590.0,163.88888888888889
f4u_1a,F4U-1a,WarThunder_FactChecker2.xlsx,Japan Foreign Premiums,1000.0,60.0,55.0,593.0,164.72222222222223
f4u_1a,F4U-1a,WarThunder_FactChecker2.xlsx,Japan Foreign Premiums,2000.0,127.0,111.0,610.0,169.44444444444443
f4u_1a,F4U-1a,WarThunder_FactChecker2.xlsx,Japan Foreign Premiums,3000.0,194.0,167.0,634.0,176.11111111111111
f4u_1a,F4U-1a,WarThunder_FactChecker2.xlsx,Japan Foreign Premiums,4000.0,263.0,224.0,660.0,183.33333333333334
f4u_1a,F4U-1a,WarThunder_FactChecker2.xlsx,Japan Foreign Premiums,5000.0,333.0,286.0,670.0,186.11111111111111
f4u_1a,F4U-1a,WarThunder_FactChecker2.xlsx,Japan Foreign Premiums,6000.0,411.0,351.0,686.0,190.55555555555554
bf_109_e_7,Bf 109 E-7,WarThunder_FactChecker2.xlsx,Japan Foreign Premiums,0.0,0.0,0.0,496.0,137.77777777777777
bf_109_e_7,Bf 109 E-7,WarThunder_FactChecker2.xlsx,Japan Foreign Premiums,1000.0,51.0,45.0,524.0,145.55555555555554
bf_109_e_7,Bf 109 E-7,WarThunder_FactChecker2.xlsx,Japan Foreign Premiums,2000.0,100.0,89.0,546.0,151.66666666666666
bf_109_e_7,Bf 109 E-7,WarThunder_FactChecker2.xlsx,Japan Foreign Premiums,3000.0,151.0,135.0,561.0,155.83333333333334
bf_109_e_7,Bf 109 E-7,WarThunder_FactChecker2.xlsx,Japan Foreign Premiums,4000.0,204.0,182.0,578.0,160.55555555555554
bf_109_e_7,Bf 109 E-7,WarThunder_FactChecker2.xlsx,Japan Foreign Premiums,5000.0,263.0,237.0,573.0,159.16666666666666
bf_109_e_7,Bf 109 E-7,WarThunder_FactChecker2.xlsx,Japan Foreign Premiums,6000.0,336.0,304.0,565.0,156.94444444444443
fw_190_a_5,Fw 190 A-5,WarThunder_FactChecker2.xlsx,Japan Foreign Premiums,0.0,0.0,0.0,577.0,160.27777777777777
fw_190_a_5,Fw 190 A-5,WarThunder_FactChecker2.xlsx,Japan Foreign Premiums,1000.0,59.0,49.0,601.0,166.94444444444443
fw_190_a_5,Fw 190 A-5,WarThunder_FactChecker2.xlsx,Japan Foreign Premiums,2000.0,123.0,103.0,605.0,168.05555555555554
fw_190_a_5,Fw 190 A-5,WarThunder_FactChecker2.xlsx,Japan Foreign Premiums,3000.0,197.0,164.0,600.0,166.66666666666666
fw_190_a_5,Fw 190 A-5,WarThunder_FactChecker2.xlsx,Japan Foreign Premiums,4000.0,272.0,225.0,623.0,173.05555555555554
fw_190_a_5,Fw 190 A-5,WarThunder_FactChecker2.xlsx,Japan Foreign Premiums,5000.0,348.0,286.0,647.0,179.72222222222223
fw_190_a_5,Fw 190 A-5,WarThunder_FactChecker2.xlsx,Japan Foreign Premiums,6000.0,426.0,349.0,670.0,186.11111111111111
c_r_42,C.R.42,WarThunder_FactChecker2.xlsx,Regia Aeronautica Fighters,0.0,0.0,0.0,375.0,104.16666666666666
c_r_42,C.R.42,WarThunder_FactChecker2.xlsx,Regia Aeronautica Fighters,1000.0,76.0,63.0,392.0,108.88888888888889
c_r_42,C.R.42,WarThunder_FactChecker2.xlsx,Regia Aeronautica Fighters,2000.0,149.0,124.0,410.0,113.88888888888889
c_r_42,C.R.42,WarThunder_FactChecker2.xlsx,Regia Aeronautica Fighters,3000.0,221.0,183.0,429.0,119.16666666666666
c_r_42,C.R.42,WarThunder_FactChecker2.xlsx,Regia Aeronautica Fighters,4000.0,291.0,246.0,439.0,121.94444444444444
c_r_42,C.R.42,WarThunder_FactChecker2.xlsx,Regia Aeronautica Fighters,5000.0,368.0,318.0,438.0,121.66666666666666
c_r_42,C.R.42,WarThunder_FactChecker2.xlsx,Regia Aeronautica Fighters,6000.0,460.0,405.0,433.0,120.27777777777777
g_50_serie_2,G.50 serie 2,WarThunder_FactChecker2.xlsx,Regia Aeronautica Fighters,0.0,0.0,0.0,399.0,110.83333333333333
g_50_serie_2,G.50 serie 2,WarThunder_FactChecker2.xlsx,Regia Aeronautica Fighters,1000.0,68.0,57.0,418.0,116.11111111111111
g_50_serie_2,G.50 serie 2,WarThunder_FactChecker2.xlsx,Regia Aeronautica Fighters,2000.0,134.0,112.0,436.0,121.11111111111111
g_50_serie_2,G.50 serie 2,WarThunder_FactChecker2.xlsx,Regia Aeronautica Fighters,3000.0,200.0,167.0,455.0,126.38888888888889
g_50_serie_2,G.50 serie 2,WarThunder_FactChecker2.xlsx,Regia Aeronautica Fighters,4000.0,264.0,225.0,469.0,130.27777777777777
g_50_serie_2,G.50 serie 2,WarThunder_FactChecker2.xlsx,Regia Aeronautica Fighters,5000.0,334.0,291.0,468.0,130.0
g_50_serie_2,G.50 serie 2,WarThunder_FactChecker2.xlsx,Regia Aeronautica Fighters,6000.0,417.0,369.0,463.0,128.61111111111111
g_50_as_serie_7,G.50 AS serie 7,WarThunder_FactChecker2.xlsx,Regia Aeronautica Fighters,0.0,0.0,0.0,414.0,115.0
g_50_as_serie_7,G.50 AS serie 7,WarThunder_FactChecker2.xlsx,Regia Aeronautica Fighters,1000.0,72.0,60.0,433.0,120.27777777777777
g_50_as_serie_7,G.50 AS serie 7,WarThunder_FactChecker2.xlsx,Regia Aeronautica Fighters,2000.0,142.0,119.0,452.0,125.55555555555556
g_50_as_serie_7,G.50 AS serie 7,WarThunder_FactChecker2.xlsx,Regia Aeronautica Fighters,3000.0,211.0,177.0,472.0,131.11111111111111
g_50_as_serie_7,G.50 AS serie 7,WarThunder_FactChecker2.xlsx,Regia Aeronautica Fighters,4000.0,280.0,237.0,487.0,135.27777777777777
g_50_as_serie_7,G.50 AS serie 7,WarThunder_FactChecker2.xlsx,Regia Aeronautica Fighters,5000.0,354.0,307.0,486.0,135.0
g_50_as_serie_7,G.50 AS serie 7,WarThunder_FactChecker2.xlsx,Regia Aeronautica Fighters,6000.0,442.0,389.0,481.0,133.61111111111111
c_200_serie_3,C.200 serie 3,WarThunder_FactChecker2.xlsx,Regia Aeronautica Fighters,0.0,0.0,0.0,433.0,120.27777777777777
c_200_serie_3,C.200 serie 3,WarThunder_FactChecker2.xlsx,Regia Aeronautica Fighters,1000.0,71.0,59.0,453.0,125.83333333333333
c_200_serie_3,C.200 serie 3,WarThunder_FactChecker2.xlsx,Regia Aeronautica Fighters,2000.0,140.0,117.0,473.0,131.38888888888889
c_200_serie_3,C.200 serie 3,WarThunder_FactChecker2.xlsx,Regia Aeronautica Fighters,3000.0,208.0,174.0,493.0,136.94444444444443
c_200_serie_3,C.200 serie 3,WarThunder_FactChecker2.xlsx,Regia Aeronautica Fighters,4000.0,275.0,233.0,506.0,140.55555555555554
c_200_serie_3,C.200 serie 3,WarThunder_FactChecker2.xlsx,Regia Aeronautica Fighters,5000.0,348.0,302.0,504.0,140.0
c_200_serie_3,C.200 serie 3,WarThunder_FactChecker2.xlsx,Regia Aeronautica Fighters,6000.0,435.0,384.0,500.0,138.88888888888889
c_200_serie_7,C.200 serie 7,WarThunder_FactChecker2.xlsx,Regia Aeronautica Fighters,0.0,0.0,0.0,433.0,120.27777777777777
c_200_serie_7,C.200 serie 7,WarThunder_FactChecker2.xlsx,Regia Aeronautica Fighters,1000.0,73.0,60.0,452.0,125.55555555555556
c_200_serie_7,C.200 serie 7,WarThunder_FactChecker2.xlsx,Regia Aeronautica Fighters,2000.0,143.0,119.0,472.0,131.11111111111111
c_200_serie_7,C.200 serie 7,WarThunder_FactChecker2.xlsx,Regia Aeronautica Fighters,3000.0,213.0,177.0,493.0,136.94444444444443
c_200_serie_7,C.200 serie 7,WarThunder_FactChecker2.xlsx,Regia Aeronautica Fighters,4000.0,282.0,238.0,506.0,140.55555555555554
c_200_serie_7,C.200 serie 7,WarThunder_FactChecker2.xlsx,Regia Aeronautica Fighters,5000.0,356.0,308.0,504.0,140.0
c_200_serie_7,C.200 serie 7,WarThunder_FactChecker2.xlsx,Regia Aeronautica Fighters,6000.0,446.0,392.0,499.0,138.61111111111111
c_202,C.202,WarThunder_FactChecker2.xlsx,Regia Aeronautica Fighters,0.0,0.0,0.0,515.0,143.05555555555554
c_202,C.202,WarThunder_FactChecker2.xlsx,Regia Aeronautica Fighters,1000.0,61.0,53.0,540.0,150.0
c_202,C.202,WarThunder_FactChecker2.xlsx,Regia Aeronautica Fighters,2000.0,119.0,104.0,566.0,157.22222222222223
c_202,C.202,WarThunder_FactChecker2.xlsx,Regia Aeronautica Fighters,3000.0,179.0,155.0,588.0,163.33333333333334
c_202,C.202,WarThunder_FactChecker2.xlsx,Regia Aeronautica Fighters,4000.0,241.0,209.0,603.0,167.5
c_202,C.202,WarThunder_FactChecker2.xlsx,Regia Aeronautica Fighters,5000.0,306.0,270.0,609.0,169.16666666666666
c_202,C.202,WarThunder_FactChecker2.xlsx,Regia Aeronautica Fighters,6000.0,382.0,344.0,596.0,165.55555555555554
c_202ec,C.202EC,WarThunder_FactChecker2.xlsx,Regia Aeronautica Fighters,0.0,0.0,0.0,496.0,137.77777777777777
c_202ec,C.202EC,WarThunder_FactChecker2.xlsx,Regia Aeronautica Fighters,1000.0,65.0,57.0,520.0,144.44444444444443
c_202ec,C.202EC,WarThunder_FactChecker2.xlsx,Regia Aeronautica Fighters,2000.0,129.0,112.0,545.0,151.38888888888889
c_202ec,C.202EC,WarThunder_FactChecker2.xlsx,Regia Aeronautica Fighters,3000.0,193.0,167.0,564.0,156.66666666666666
c_202ec,C.202EC,WarThunder_FactChecker2.xlsx,Regia Aeronautica Fighters,4000.0,260.0,225.0,579.0,160.83333333333334
c_202ec,C.202EC,WarThunder_FactChecker2.xlsx,Regia Aeronautica Fighters,5000.0,331.0,291.0,582.0,161.66666666666666
c_202ec,C.202EC,WarThunder_FactChecker2.xlsx,Regia Aeronautica Fighters,6000.0,415.0,373.0,570.0,158.33333333333334
c_205_serie_1,C.205 serie 1,WarThunder_FactChecker2.xlsx,Regia Aeronautica Fighters,0.0,0.0,0.0,541.0,150.27777777777777
c_205_serie_1,C.205 serie 1,WarThunder_FactChecker2.xlsx,Regia Aeronautica Fighters,1000.0,52.0,45.0,566.0,157.22222222222223
c_205_serie_1,C.205 serie 1,WarThunder_FactChecker2.xlsx,Regia Aeronautica Fighters,2000.0,103.0,88.0,591.0,164.16666666666666
c_205_serie_1,C.205 serie 1,WarThunder_FactChecker2.xlsx,Regia Aeronautica Fighters,3000.0,154.0,132.0,617.0,171.38888888888889
c_205_serie_1,C.205 serie 1,WarThunder_FactChecker2.xlsx,Regia Aeronautica Fighters,4000.0,209.0,178.0,628.0,174.44444444444443
c_205_serie_1,C.205 serie 1,WarThunder_FactChecker2.xlsx,Regia Aeronautica Fighters,5000.0,266.0,227.0,644.0,178.88888888888889
c_205_serie_1,C.205 serie 1,WarThunder_FactChecker2.xlsx,Regia Aeronautica Fighters,6000.0,327.0,278.0,662.0,183.88888888888889
c_205_serie_3,C.205 serie 3,WarThunder_FactChecker2.xlsx,Regia Aeronautica Fighters,0.0,0.0,0.0,533.0,148.05555555555554
c_205_serie_3,C.205 serie 3,WarThunder_FactChecker2.xlsx,Regia Aeronautica Fighters,1000.0,55.0,47.0,557.0,154.72222222222223
c_205_serie_3,C.205 serie 3,WarThunder_FactChecker2.xlsx,Regia Aeronautica Fighters,2000.0,109.0,93.0,582.0,161.66666666666666
c_205_serie_3,C.205 serie 3,WarThunder_FactChecker2.xlsx,Regia Aeronautica Fighters,3000.0,164.0,140.0,608.0,168.88888888888889
c_205_serie_3,C.205 serie 3,WarThunder_FactChecker2.xlsx,Regia Aeronautica Fighters,4000.0,222.0,189.0,620.0,172.22222222222223
c_205_serie_3,C.205 serie 3,WarThunder_FactChecker2.xlsx,Regia Aeronautica Fighters,5000.0,288.0,240.0,636.0,176.66666666666666
c_205_serie_3,C.205 serie 3,WarThunder_FactChecker2.xlsx,Regia Aeronautica Fighters,6000.0,346.0,294.0,655.0,181.94444444444443
g_55_sottoserie_0,G.55 sottoserie 0,WarThunder_FactChecker2.xlsx,Regia Aeronautica Fighters,0.0,0.0,0.0,517.0,143.61111111111111
g_55_sottoserie_0,G.55 sottoserie 0,WarThunder_FactChecker2.xlsx,Regia Aeronautica Fighters,1000.0,59.0,51.0,541.0,150.27777777777777
g_55_sottoserie_0,G.55 sottoserie 0,WarThunder_FactChecker2.xlsx,Regia Aeronautica Fighters,2000.0,116.0,101.0,565.0,156.94444444444443
g_55_sottoserie_0,G.55 sottoserie 0,WarThunder_FactChecker2.xlsx,Regia Aeronautica Fighters,3000.0,173.0,150.0,590.0,163.88888888888889
g_55_sottoserie_0,G.55 sottoserie 0,WarThunder_FactChecker2.xlsx,Regia Aeronautica Fighters,4000.0,234.0,202.0,603.0,167.5
g_55_sottoserie_0,G.55 sottoserie 0,WarThunder_FactChecker2.xlsx,Regia Aeronautica Fighters,5000.0,297.0,256.0,618.0,171.66666666666666
g_55_sottoserie_0,G.55 sottoserie 0,WarThunder_FactChecker2.xlsx,Regia Aeronautica Fighters,6000.0,364.0,314.0,633.0,175.83333333333334
g_55_serie_1,G.55 serie 1,WarThunder_FactChecker2.xlsx,Regia Aeronautica Fighters,0.0,0.0,0.0,523.0,145.27777777777777
g_55_serie_1,G.55 serie 1,WarThunder_FactChecker2.xlsx,Regia Aeronautica Fighters,1000.0,61.0,53.0,547.0,151.94444444444443
g_55_serie_1,G.55 serie 1,WarThunder_FactChecker2.xlsx,Regia Aeronautica Fighters,2000.0,119.0,104.0,571.0,158.61111111111111
g_55_serie_1,G.55 serie 1,WarThunder_FactChecker2.xlsx,Regia Aeronautica Fighters,3000.0,178.0,154.0,596.0,165.55555555555554
g_55_serie_1,G.55 serie 1,WarThunder_FactChecker2.xlsx,Regia Aeronautica Fighters,4000.0,240.0,208.0,610.0,169.44444444444443
g_55_serie_1,G.55 serie 1,WarThunder_FactChecker2.xlsx,Regia Aeronautica Fighters,5000.0,305.0,263.0,624.0,173.33333333333334
g_55_serie_1,G.55 serie 1,WarThunder_FactChecker2.xlsx,Regia Aeronautica Fighters,6000.0,375.0,322.0,640.0,177.77777777777777
c_205n2,C.205N2,WarThunder_FactChecker2.xlsx,Regia Aeronautica Fighters,0.0,0.0,0.0,535.0,148.61111111111111
c_205n2,C.205N2,WarThunder_FactChecker2.xlsx,Regia Aeronautica Fighters,1000.0,61.0,53.0,560.0,155.55555555555554
c_205n2,C.205N2,WarThunder_FactChecker2.xlsx,Regia Aeronautica Fighters,2000.0,122.0,104.0,585.0,162.5
c_205n2,C.205N2,WarThunder_FactChecker2.xlsx,Regia Aeronautica Fighters,3000.0,183.0,156.0,611.0,169.72222222222223
c_205n2,C.205N2,WarThunder_FactChecker2.xlsx,Regia Aeronautica Fighters,4000.0,248.0,211.0,621.0,172.5
c_205n2,C.205N2,WarThunder_FactChecker2.xlsx,Regia Aeronautica Fighters,5000.0,317.0,269.0,637.0,176.94444444444443
c_205n2,C.205N2,WarThunder_FactChecker2.xlsx,Regia Aeronautica Fighters,6000.0,389.0,343.0,654.0,181.66666666666666
bf_109_g_14_as,Bf 109 G-14/AS,WarThunder_FactChecker2.xlsx,Regia Aeronautica Fighters,0.0,0.0,0.0,574.0,159.44444444444443
bf_109_g_14_as,Bf 109 G-14/AS,WarThunder_FactChecker2.xlsx,Regia Aeronautica Fighters,1000.0,63.0,42.0,597.0,165.83333333333334
bf_109_g_14_as,Bf 109 G-14/AS,WarThunder_FactChecker2.xlsx,Regia Aeronautica Fighters,2000.0,128.0,84.0,617.0,171.38888888888889
bf_109_g_14_as,Bf 109 G-14/AS,WarThunder_FactChecker2.xlsx,Regia Aeronautica Fighters,3000.0,195.0,129.0,631.0,175.27777777777777
bf_109_g_14_as,Bf 109 G-14/AS,WarThunder_FactChecker2.xlsx,Regia Aeronautica Fighters,4000.0,266.0,175.0,646.0,179.44444444444443
bf_109_g_14_as,Bf 109 G-14/AS,WarThunder_FactChecker2.xlsx,Regia Aeronautica Fighters,5000.0,340.0,224.0,663.0,184.16666666666666
bf_109_g_14_as,Bf 109 G-14/AS,WarThunder_FactChecker2.xlsx,Regia Aeronautica Fighters,6000.0,419.0,277.0,681.0,189.16666666666666
g_56,G.56,WarThunder_FactChecker2.xlsx,Regia Aeronautica Fighters,0.0,0.0,0.0,572.0,158.88888888888889
g_56,G.56,WarThunder_FactChecker2.xlsx,Regia Aeronautica Fighters,1000.0,49.0,43.0,596.0,165.55555555555554
g_56,G.56,WarThunder_FactChecker2.xlsx,Regia Aeronautica Fighters,2000.0,97.0,85.0,621.0,172.5
g_56,G.56,WarThunder_FactChecker2.xlsx,Regia Aeronautica Fighters,3000.0,147.0,128.0,641.0,178.05555555555554
g_56,G.56,WarThunder_FactChecker2.xlsx,Regia Aeronautica Fighters,4000.0,199.0,174.0,654.0,181.66666666666666
g_56,G.56,WarThunder_FactChecker2.xlsx,Regia Aeronautica Fighters,5000.0,254.0,221.0,669.0,185.83333333333334
g_56,G.56,WarThunder_FactChecker2.xlsx,Regia Aeronautica Fighters,6000.0,313.0,270.0,685.0,190.27777777777777
marcolin_s_c_r_42_cn,Marcolin's C.R.42 CN,WarThunder_FactChecker2.xlsx,Italy National Premiums,0.0,0.0,0.0,572.0,158.88888888888889
marcolin_s_c_r_42_cn,Marcolin's C.R.42 CN,WarThunder_FactChecker2.xlsx,Italy National Premiums,1000.0,76.0,63.0,596.0,165.55555555555554
marcolin_s_c_r_42_cn,Marcolin's C.R.42 CN,WarThunder_FactChecker2.xlsx,Italy National Premiums,2000.0,149.0,124.0,621.0,172.5
marcolin_s_c_r_42_cn,Marcolin's C.R.42 CN,WarThunder_FactChecker2.xlsx,Italy National Premiums,3000.0,221.0,183.0,641.0,178.05555555555554
marcolin_s_c_r_42_cn,Marcolin's C.R.42 CN,WarThunder_FactChecker2.xlsx,Italy National Premiums,4000.0,291.0,246.0,654.0,181.66666666666666
marcolin_s_c_r_42_cn,Marcolin's C.R.42 CN,WarThunder_FactChecker2.xlsx,Italy National Premiums,5000.0,368.0,318.0,669.0,185.83333333333334
marcolin_s_c_r_42_cn,Marcolin's C.R.42 CN,WarThunder_FactChecker2.xlsx,Italy National Premiums,6000.0,460.0,405.0,685.0,190.27777777777777
g_55s,G.55S,WarThunder_FactChecker2.xlsx,Italy National Premiums,0.0,0.0,0.0,512.0,142.22222222222223
g_55s,G.55S,WarThunder_FactChecker2.xlsx,Italy National Premiums,1000.0,57.0,49.0,536.0,148.88888888888889
g_55s,G.55S,WarThunder_FactChecker2.xlsx,Italy National Premiums,2000.0,112.0,97.0,560.0,155.55555555555554
g_55s,G.55S,WarThunder_FactChecker2.xlsx,Italy National Premiums,3000.0,167.0,145.0,584.0,162.22222222222223
g_55s,G.55S,WarThunder_FactChecker2.xlsx,Italy National Premiums,4000.0,225.0,195.0,597.0,165.83333333333334
g_55s,G.55S,WarThunder_FactChecker2.xlsx,Italy National Premiums,5000.0,287.0,247.0,612.0,170.0
g_55s,G.55S,WarThunder_FactChecker2.xlsx,Italy National Premiums,6000.0,355.0,303.0,628.0,174.44444444444443
c_r_714,C.R.714,WarThunder_FactChecker2.xlsx,Armée de lair,0.0,0.0,0.0,445.0,123.61111111111111
c_r_714,C.R.714,WarThunder_FactChecker2.xlsx,Armée de lair,1000.0,102.0,75.0,467.0,129.72222222222223
c_r_714,C.R.714,WarThunder_FactChecker2.xlsx,Armée de lair,2000.0,199.0,146.0,490.0,136.11111111111111
c_r_714,C.R.714,WarThunder_FactChecker2.xlsx,Armée de lair,3000.0,293.0,219.0,494.0,137.22222222222223
c_r_714,C.R.714,WarThunder_FactChecker2.xlsx,Armée de lair,4000.0,384.0,303.0,491.0,136.38888888888889
c_r_714,C.R.714,WarThunder_FactChecker2.xlsx,Armée de lair,5000.0,483.0,402.0,484.0,134.44444444444443
c_r_714,C.R.714,WarThunder_FactChecker2.xlsx,Armée de lair,6000.0,607.0,526.0,472.0,131.11111111111111
h_75a_1,H-75A-1,WarThunder_FactChecker2.xlsx,Armée de lair,0.0,0.0,0.0,448.0,124.44444444444444
h_75a_1,H-75A-1,WarThunder_FactChecker2.xlsx,Armée de lair,1000.0,70.0,58.0,463.0,128.61111111111111
h_75a_1,H-75A-1,WarThunder_FactChecker2.xlsx,Armée de lair,2000.0,142.0,118.0,478.0,132.77777777777777
h_75a_1,H-75A-1,WarThunder_FactChecker2.xlsx,Armée de lair,3000.0,217.0,180.0,494.0,137.22222222222223
h_75a_1,H-75A-1,WarThunder_FactChecker2.xlsx,Armée de lair,4000.0,295.0,247.0,511.0,141.94444444444443
h_75a_1,H-75A-1,WarThunder_FactChecker2.xlsx,Armée de lair,5000.0,385.0,323.0,507.0,140.83333333333334
h_75a_1,H-75A-1,WarThunder_FactChecker2.xlsx,Armée de lair,6000.0,497.0,413.0,499.0,138.61111111111111
h_75a_4,H-75A-4,WarThunder_FactChecker2.xlsx,Armée de lair,0.0,0.0,0.0,463.0,128.61111111111111
h_75a_4,H-75A-4,WarThunder_FactChecker2.xlsx,Armée de lair,1000.0,65.0,52.0,477.0,132.5
h_75a_4,H-75A-4,WarThunder_FactChecker2.xlsx,Armée de lair,2000.0,131.0,111.0,477.0,132.5
h_75a_4,H-75A-4,WarThunder_FactChecker2.xlsx,Armée de lair,3000.0,201.0,174.0,480.0,133.33333333333334
h_75a_4,H-75A-4,WarThunder_FactChecker2.xlsx,Armée de lair,4000.0,280.0,238.0,499.0,138.61111111111111
h_75a_4,H-75A-4,WarThunder_FactChecker2.xlsx,Armée de lair,5000.0,360.0,313.0,496.0,137.77777777777777
h_75a_4,H-75A-4,WarThunder_FactChecker2.xlsx,Armée de lair,6000.0,452.0,403.0,489.0,135.83333333333334
ms_406c1,MS.406C1,WarThunder_FactChecker2.xlsx,Armée de lair,0.0,0.0,0.0,430.0,119.44444444444444
ms_406c1,MS.406C1,WarThunder_FactChecker2.xlsx,Armée de lair,1000.0,65.0,59.0,449.0,124.72222222222221
ms_406c1,MS.406C1,WarThunder_FactChecker2.xlsx,Armée de lair,2000.0,128.0,116.0,468.0,130.0
ms_406c1,MS.406C1,WarThunder_FactChecker2.xlsx,Armée de lair,3000.0,191.0,178.0,477.0,132.5
ms_406c1,MS.406C1,WarThunder_FactChecker2.xlsx,Armée de lair,4000.0,264.0,251.0,470.0,130.55555555555554
ms_406c1,MS.406C1,WarThunder_FactChecker2.xlsx,Armée de lair,5000.0,352.0,340.0,461.0,128.05555555555554
ms_406c1,MS.406C1,WarThunder_FactChecker2.xlsx,Armée de lair,6000.0,463.0,453.0,450.0,125.0
m_s_410,M.S.410,WarThunder_FactChecker2.xlsx,Armée de lair,0.0,0.0,0.0,413.0,114.72222222222221
m_s_410,M.S.410,WarThunder_FactChecker2.xlsx,Armée de lair,1000.0,74.0,66.0,434.0,120.55555555555556
m_s_410,M.S.410,WarThunder_FactChecker2.xlsx,Armée de lair,2000.0,144.0,130.0,454.0,126.11111111111111
m_s_410,M.S.410,WarThunder_FactChecker2.xlsx,Armée de lair,3000.0,213.0,192.0,475.0,131.94444444444443
m_s_410,M.S.410,WarThunder_FactChecker2.xlsx,Armée de lair,4000.0,282.0,261.0,480.0,133.33333333333334
m_s_410,M.S.410,WarThunder_FactChecker2.xlsx,Armée de lair,5000.0,365.0,344.0,471.0,130.83333333333334
m_s_410,M.S.410,WarThunder_FactChecker2.xlsx,Armée de lair,6000.0,468.0,448.0,460.0,127.77777777777777
v_g_33c_1,V.G.33C-1,WarThunder_FactChecker2.xlsx,Armée de lair,0.0,0.0,0.0,469.0,130.27777777777777
v_g_33c_1,V.G.33C-1,WarThunder_FactChecker2.xlsx,Armée de lair,1000.0,62.0,54.0,489.0,135.83333333333334
v_g_33c_1,V.G.33C-1,WarThunder_FactChecker2.xlsx,Armée de lair,2000.0,123.0,106.0,510.0,141.66666666666666
v_g_33c_1,V.G.33C-1,WarThunder_FactChecker2.xlsx,Armée de lair,3000.0,182.0,158.0,532.0,147.77777777777777
v_g_33c_1,V.G.33C-1,WarThunder_FactChecker2.xlsx,Armée de lair,4000.0,242.0,210.0,554.0,153.88888888888889
v_g_33c_1,V.G.33C-1,WarThunder_FactChecker2.xlsx,Armée de lair,5000.0,304.0,268.0,565.0,156.94444444444443
v_g_33c_1,V.G.33C-1,WarThunder_FactChecker2.xlsx,Armée de lair,6000.0,376.0,337.0,558.0,155.0
d_520,D.520,WarThunder_FactChecker2.xlsx,Armée de lair,0.0,0.0,0.0,470.0,130.55555555555554
d_520,D.520,WarThunder_FactChecker2.xlsx,Armée de lair,1000.0,68.0,63.0,487.0,135.27777777777777
d_520,D.520,WarThunder_FactChecker2.xlsx,Armée de lair,2000.0,136.0,126.0,503.0,139.72222222222223
d_520,D.520,WarThunder_FactChecker2.xlsx,Armée de lair,3000.0,203.0,188.0,520.0,144.44444444444443
d_520,D.520,WarThunder_FactChecker2.xlsx,Armée de lair,4000.0,271.0,251.0,538.0,149.44444444444443
d_520,D.520,WarThunder_FactChecker2.xlsx,Armée de lair,5000.0,343.0,319.0,553.0,153.61111111111111
d_520,D.520,WarThunder_FactChecker2.xlsx,Armée de lair,6000.0,430.0,402.0,542.0,150.55555555555554
m_b_157,M.B.157,WarThunder_FactChecker2.xlsx,Armée de lair,0.0,0.0,0.0,573.0,159.16666666666666
m_b_157,M.B.157,WarThunder_FactChecker2.xlsx,Armée de lair,1000.0,60.0,47.0,597.0,165.83333333333334
m_b_157,M.B.157,WarThunder_FactChecker2.xlsx,Armée de lair,2000.0,119.0,94.0,622.0,172.77777777777777
m_b_157,M.B.157,WarThunder_FactChecker2.xlsx,Armée de lair,3000.0,180.0,146.0,646.0,179.44444444444443
m_b_157,M.B.157,WarThunder_FactChecker2.xlsx,Armée de lair,4000.0,248.0,201.0,654.0,181.66666666666666
m_b_157,M.B.157,WarThunder_FactChecker2.xlsx,Armée de lair,5000.0,322.0,261.0,673.0,186.94444444444443
m_b_157,M.B.157,WarThunder_FactChecker2.xlsx,Armée de lair,6000.0,403.0,,691.0,191.94444444444443
vb_10c_1,VB.10C-1,WarThunder_FactChecker2.xlsx,Armée de lair,0.0,0.0,0.0,580.0,161.11111111111111
vb_10c_1,VB.10C-1,WarThunder_FactChecker2.xlsx,Armée de lair,1000.0,78.0,58.0,602.0,167.22222222222223
vb_10c_1,VB.10C-1,WarThunder_FactChecker2.xlsx,Armée de lair,2000.0,156.0,119.0,612.0,170.0
vb_10c_1,VB.10C-1,WarThunder_FactChecker2.xlsx,Armée de lair,3000.0,234.0,189.0,611.0,169.72222222222223
vb_10c_1,VB.10C-1,WarThunder_FactChecker2.xlsx,Armée de lair,4000.0,318.0,259.0,633.0,175.83333333333334
vb_10c_1,VB.10C-1,WarThunder_FactChecker2.xlsx,Armée de lair,5000.0,414.0,330.0,661.0,183.61111111111111
vb_10c_1,VB.10C-1,WarThunder_FactChecker2.xlsx,Armée de lair,6000.0,513.0,401.0,689.0,191.38888888888889
vb_10_02,VB.10-02,WarThunder_FactChecker2.xlsx,Armée de lair,0.0,0.0,0.0,580.0,161.11111111111111
vb_10_02,VB.10-02,WarThunder_FactChecker2.xlsx,Armée de lair,1000.0,81.0,60.0,601.0,166.94444444444443
vb_10_02,VB.10-02,WarThunder_FactChecker2.xlsx,Armée de lair,2000.0,162.0,124.0,612.0,170.0
vb_10_02,VB.10-02,WarThunder_FactChecker2.xlsx,Armée de lair,3000.0,244.0,196.0,610.0,169.44444444444443
vb_10_02,VB.10-02,WarThunder_FactChecker2.xlsx,Armée de lair,4000.0,331.0,269.0,632.0,175.55555555555554
vb_10_02,VB.10-02,WarThunder_FactChecker2.xlsx,Armée de lair,5000.0,432.0,342.0,659.0,183.05555555555554
vb_10_02,VB.10-02,WarThunder_FactChecker2.xlsx,Armée de lair,6000.0,535.0,417.0,687.0,190.83333333333334
d_501,D.501,WarThunder_FactChecker2.xlsx,Aéronautique navale,0.0,0.0,,308.0,85.55555555555556
d_501,D.501,WarThunder_FactChecker2.xlsx,Aéronautique navale,1000.0,79.0,,323.0,89.72222222222221
d_501,D.501,WarThunder_FactChecker2.xlsx,Aéronautique navale,2000.0,152.0,,337.0,93.61111111111111
d_501,D.501,WarThunder_FactChecker2.xlsx,Aéronautique navale,3000.0,221.0,,350.0,97.22222222222221
d_501,D.501,WarThunder_FactChecker2.xlsx,Aéronautique navale,4000.0,290.0,,362.0,100.55555555555556
d_501,D.501,WarThunder_FactChecker2.xlsx,Aéronautique navale,5000.0,375.0,,364.0,101.11111111111111
d_501,D.501,WarThunder_FactChecker2.xlsx,Aéronautique navale,6000.0,484.0,,356.0,98.88888888888889
potez_630,Potez 630,WarThunder_FactChecker2.xlsx,Aéronautique navale,0.0,0.0,,358.0,99.44444444444444
potez_630,Potez 630,WarThunder_FactChecker2.xlsx,Aéronautique navale,1000.0,113.0,,382.0,106.11111111111111
potez_630,Potez 630,WarThunder_FactChecker2.xlsx,Aéronautique navale,2000.0,211.0,,401.0,111.38888888888889
potez_630,Potez 630,WarThunder_FactChecker2.xlsx,Aéronautique navale,3000.0,302.0,,416.0,115.55555555555556
potez_630,Potez 630,WarThunder_FactChecker2.xlsx,Aéronautique navale,4000.0,401.0,,429.0,119.16666666666666
potez_630,Potez 630,WarThunder_FactChecker2.xlsx,Aéronautique navale,5000.0,536.0,,416.0,115.55555555555556
potez_630,Potez 630,WarThunder_FactChecker2.xlsx,Aéronautique navale,6000.0,756.0,,398.0,110.55555555555556
potez_631,Potez 631,WarThunder_FactChecker2.xlsx,Aéronautique navale,0.0,0.0,0.0,372.0,103.33333333333333
potez_631,Potez 631,WarThunder_FactChecker2.xlsx,Aéronautique navale,1000.0,123.0,104.0,396.0,110.0
potez_631,Potez 631,WarThunder_FactChecker2.xlsx,Aéronautique navale,2000.0,228.0,221.0,417.0,115.83333333333333
potez_631,Potez 631,WarThunder_FactChecker2.xlsx,Aéronautique navale,3000.0,323.0,363.0,421.0,116.94444444444444
potez_631,Potez 631,WarThunder_FactChecker2.xlsx,Aéronautique navale,4000.0,436.0,549.0,414.0,115.0
potez_631,Potez 631,WarThunder_FactChecker2.xlsx,Aéronautique navale,5000.0,60.0,876.0,395.0,109.72222222222221
potez_631,Potez 631,WarThunder_FactChecker2.xlsx,Aéronautique navale,6000.0,874.0,,359.0,99.72222222222221
f6f_5,F6F-5,WarThunder_FactChecker2.xlsx,Aéronautique navale,0.0,0.0,0.0,583.0,161.94444444444443
f6f_5,F6F-5,WarThunder_FactChecker2.xlsx,Aéronautique navale,1000.0,59.0,55.0,580.0,161.11111111111111
f6f_5,F6F-5,WarThunder_FactChecker2.xlsx,Aéronautique navale,2000.0,124.0,113.0,596.0,165.55555555555554
f6f_5,F6F-5,WarThunder_FactChecker2.xlsx,Aéronautique navale,3000.0,192.0,171.0,615.0,170.83333333333334
f6f_5,F6F-5,WarThunder_FactChecker2.xlsx,Aéronautique navale,4000.0,261.0,230.0,634.0,176.11111111111111
f6f_5,F6F-5,WarThunder_FactChecker2.xlsx,Aéronautique navale,5000.0,331.0,294.0,643.0,178.61111111111111
f6f_5,F6F-5,WarThunder_FactChecker2.xlsx,Aéronautique navale,6000.0,410.0,365.0,651.0,180.83333333333334
f6f_5n,F6F-5N,WarThunder_FactChecker2.xlsx,Aéronautique navale,0.0,0.0,0.0,571.0,158.61111111111111
f6f_5n,F6F-5N,WarThunder_FactChecker2.xlsx,Aéronautique navale,1000.0,62.0,59.0,566.0,157.22222222222223
f6f_5n,F6F-5N,WarThunder_FactChecker2.xlsx,Aéronautique navale,2000.0,131.0,120.0,583.0,161.94444444444443
f6f_5n,F6F-5N,WarThunder_FactChecker2.xlsx,Aéronautique navale,3000.0,203.0,182.0,602.0,167.22222222222223
f6f_5n,F6F-5N,WarThunder_FactChecker2.xlsx,Aéronautique navale,4000.0,277.0,244.0,620.0,172.22222222222223
f6f_5n,F6F-5N,WarThunder_FactChecker2.xlsx,Aéronautique navale,5000.0,352.0,312.0,627.0,174.16666666666666
f6f_5n,F6F-5N,WarThunder_FactChecker2.xlsx,Aéronautique navale,6000.0,436.0,388.0,634.0,176.11111111111111
p_63c_5,P-63C-5,WarThunder_FactChecker2.xlsx,Aéronautique navale,0.0,0.0,0.0,597.0,165.83333333333334
p_63c_5,P-63C-5,WarThunder_FactChecker2.xlsx,Aéronautique navale,1000.0,60.0,43.0,616.0,171.11111111111111
p_63c_5,P-63C-5,WarThunder_FactChecker2.xlsx,Aéronautique navale,2000.0,123.0,89.0,629.0,174.72222222222223
p_63c_5,P-63C-5,WarThunder_FactChecker2.xlsx,Aéronautique navale,3000.0,187.0,137.0,638.0,177.22222222222223
p_63c_5,P-63C-5,WarThunder_FactChecker2.xlsx,Aéronautique navale,4000.0,252.0,191.0,646.0,179.44444444444443
p_63c_5,P-63C-5,WarThunder_FactChecker2.xlsx,Aéronautique navale,5000.0,322.0,250.0,651.0,180.83333333333334
p_63c_5,P-63C-5,WarThunder_FactChecker2.xlsx,Aéronautique navale,6000.0,399.0,317.0,653.0,181.38888888888889
f8f_1b,F8F-1B,WarThunder_FactChecker2.xlsx,Aéronautique navale,0.0,0.0,0.0,597.0,165.83333333333334
f8f_1b,F8F-1B,WarThunder_FactChecker2.xlsx,Aéronautique navale,1000.0,43.0,38.0,616.0,171.11111111111111
f8f_1b,F8F-1B,WarThunder_FactChecker2.xlsx,Aéronautique navale,2000.0,89.0,79.0,629.0,174.72222222222223
f8f_1b,F8F-1B,WarThunder_FactChecker2.xlsx,Aéronautique navale,3000.0,141.0,120.0,638.0,177.22222222222223
f8f_1b,F8F-1B,WarThunder_FactChecker2.xlsx,Aéronautique navale,4000.0,199.0,163.0,646.0,179.44444444444443
f8f_1b,F8F-1B,WarThunder_FactChecker2.xlsx,Aéronautique navale,5000.0,259.0,214.0,651.0,180.83333333333334
f8f_1b,F8F-1B,WarThunder_FactChecker2.xlsx,Aéronautique navale,6000.0,322.0,276.0,653.0,181.38888888888889
pallier_s_d_510,Pallier's D.510,WarThunder_FactChecker2.xlsx,French Premiums,0.0,0.0,0.0,353.0,98.05555555555556
pallier_s_d_510,Pallier's D.510,WarThunder_FactChecker2.xlsx,French Premiums,1000.0,58.0,51.0,370.0,102.77777777777777
pallier_s_d_510,Pallier's D.510,WarThunder_FactChecker2.xlsx,French Premiums,2000.0,112.0,102.0,386.0,107.22222222222221
pallier_s_d_510,Pallier's D.510,WarThunder_FactChecker2.xlsx,French Premiums,3000.0,168.0,158.0,394.0,109.44444444444444
pallier_s_d_510,Pallier's D.510,WarThunder_FactChecker2.xlsx,French Premiums,4000.0,234.0,223.0,391.0,108.61111111111111
pallier_s_d_510,Pallier's D.510,WarThunder_FactChecker2.xlsx,French Premiums,5000.0,311.0,299.0,386.0,107.22222222222221
pallier_s_d_510,Pallier's D.510,WarThunder_FactChecker2.xlsx,French Premiums,6000.0,405.0,392.0,382.0,106.11111111111111
d_371_h_s_9,D.371 H.S.9,WarThunder_FactChecker2.xlsx,French Premiums,0.0,0.0,0.0,358.0,99.44444444444444
d_371_h_s_9,D.371 H.S.9,WarThunder_FactChecker2.xlsx,French Premiums,1000.0,68.0,54.0,373.0,103.61111111111111
d_371_h_s_9,D.371 H.S.9,WarThunder_FactChecker2.xlsx,French Premiums,2000.0,131.0,103.0,386.0,107.22222222222221
d_371_h_s_9,D.371 H.S.9,WarThunder_FactChecker2.xlsx,French Premiums,3000.0,188.0,155.0,401.0,111.38888888888889
d_371_h_s_9,D.371 H.S.9,WarThunder_FactChecker2.xlsx,French Premiums,4000.0,245.0,212.0,405.0,112.5
d_371_h_s_9,D.371 H.S.9,WarThunder_FactChecker2.xlsx,French Premiums,5000.0,311.0,279.0,402.0,111.66666666666666
d_371_h_s_9,D.371 H.S.9,WarThunder_FactChecker2.xlsx,French Premiums,6000.0,391.0,359.0,396.0,110.0
yak_9t,Yak-9T,WarThunder_FactChecker2.xlsx,French Premiums,0.0,0.0,,531.0,147.5
yak_9t,Yak-9T,WarThunder_FactChecker2.xlsx,French Premiums,1000.0,54.0,,559.0,155.27777777777777
yak_9t,Yak-9T,WarThunder_FactChecker2.xlsx,French Premiums,2000.0,112.0,,572.0,158.88888888888889
yak_9t,Yak-9T,WarThunder_FactChecker2.xlsx,French Premiums,3000.0,173.0,,578.0,160.55555555555554
yak_9t,Yak-9T,WarThunder_FactChecker2.xlsx,French Premiums,4000.0,238.0,,600.0,166.66666666666666
yak_9t,Yak-9T,WarThunder_FactChecker2.xlsx,French Premiums,5000.0,315.0,,592.0,164.44444444444443
yak_9t,Yak-9T,WarThunder_FactChecker2.xlsx,French Premiums,6000.0,408.0,,582.0,161.66666666666666
nc_9000,NC.9000,WarThunder_FactChecker2.xlsx,French Premiums,0.0,0.0,0.0,569.0,158.05555555555554
nc_9000,NC.9000,WarThunder_FactChecker2.xlsx,French Premiums,1000.0,66.0,53.0,581.0,161.38888888888889
nc_9000,NC.9000,WarThunder_FactChecker2.xlsx,French Premiums,2000.0,139.0,114.0,577.0,160.27777777777777
nc_9000,NC.9000,WarThunder_FactChecker2.xlsx,French Premiums,3000.0,223.0,177.0,595.0,165.27777777777777
nc_9000,NC.9000,WarThunder_FactChecker2.xlsx,French Premiums,4000.0,309.0,238.0,619.0,171.94444444444443
nc_9000,NC.9000,WarThunder_FactChecker2.xlsx,French Premiums,5000.0,396.0,301.0,643.0,178.61111111111111
nc_9000,NC.9000,WarThunder_FactChecker2.xlsx,French Premiums,6000.0,486.0,374.0,643.0,178.61111111111111
s_o_8000_narval,S.O.8000 Narval,WarThunder_FactChecker2.xlsx,French Premiums,0.0,0.0,0.0,624.0,173.33333333333334
s_o_8000_narval,S.O.8000 Narval,WarThunder_FactChecker2.xlsx,French Premiums,1000.0,73.0,59.0,642.0,178.33333333333334
s_o_8000_narval,S.O.8000 Narval,WarThunder_FactChecker2.xlsx,French Premiums,2000.0,148.0,119.0,661.0,183.61111111111111
s_o_8000_narval,S.O.8000 Narval,WarThunder_FactChecker2.xlsx,French Premiums,3000.0,223.0,185.0,672.0,186.66666666666666
s_o_8000_narval,S.O.8000 Narval,WarThunder_FactChecker2.xlsx,French Premiums,4000.0,303.0,258.0,668.0,185.55555555555554
s_o_8000_narval,S.O.8000 Narval,WarThunder_FactChecker2.xlsx,French Premiums,5000.0,396.0,333.0,686.0,190.55555555555554
s_o_8000_narval,S.O.8000 Narval,WarThunder_FactChecker2.xlsx,French Premiums,6000.0,497.0,409.0,705.0,195.83333333333331
